date, pm25, pm10, o3, no2, so2, co
2018/10/1, 81, 43, 40, 6, 1, 3
2018/10/2, 83, 50, 37, 7, 1, 4
2018/10/3, 100, 47, 41, 7, 1, 4
2018/10/4, 91, 51, 32, 10, 1, 5
2018/10/5, 96, 56, 29, 8, 1, 3
2018/10/6, 93, 66, 17, 19, 1, 8
2018/10/7, 108, 65, 42, 17, 11, 10
2018/10/8, 114, 52, 47, 7, 2, 3
2018/10/9, 123, 46, 51, 6, 2, 3
2018/10/10, 111, 72, 57, 5, 1, 3
2018/10/11, 124, 66, 45, 11, 3, 6
2018/10/12, 113, 72, 43, 11, 2, 5
2018/10/13, 114, 61, 48, 8, 2, 4
2018/10/14, 91, 67, 49, 12, 2, 5
2018/10/15, 103, 62, 52, 10, 1, 5
2018/10/16, 94, 58, 26, 8, 1, 4
2018/10/17, 104, 55, 20, 8, 4, 6
2018/10/18, 111, 64, 45, 8, 1, 3
2018/10/19, 97, 65, 46, 10, 1, 5
2018/10/20, 130, 63, 48, 8, 1, 3
2018/10/21, 150, 61, 45, 8, 1, 4
2018/10/22, 128, 58, 49, 7, 1, 4
2018/10/23, 93, 60, 63, 15, 10, 6
2018/10/24, 97, 63, 41, 10, 2, 4
2018/10/25, 141, 76, 58, 13, 2, 6
2018/10/26, 146, 74, 51, 14, 4, 7
2018/10/27, 136, 51, 48, 8, 2, 3
2018/10/28, 94, 57, 56, 14, 4, 6
2018/10/29, 110, 65, 65, 16, 5, 5
2018/10/30, 145, 66, 60, 16, 4, 4
2018/10/31, 131, 59, 46, 17, 4, 5
2018/11/1, 112, 56, 47, 15, 5, 7
2018/11/2, 107, 62, 47, 15, 5, 9
2018/11/3, 119, 44, 51, 10, 2, 2
2018/11/4, 97, 45, 51, 16, 3, 14
2018/11/5, 113, 49, 46, 12, 3, 10
2018/11/6, 117, 63, 66, 12, 2, 5
2018/11/7, 122, 74, 69, 16, 5, 7
2018/11/8, 149, 67, 12, 9, 1, 5
2018/11/9, 141, 58, 68, 15, 7, 3
2018/11/10, 126, 64, 66, 14, 3, 6
2018/11/11, 130, 63, 69, 16, 4, 8
2018/11/12, 124, 60, 72, 15, 2, 6
2018/11/13, 125, 57, 92, 12, 2, 5
2018/11/14, 125, 62, 49, 19, 6, 10
2018/11/15, 127, 74, 63, 19, 4, 10
2018/11/16, 131, 72, 77, 18, 3, 8
2018/11/17, 138, 66, 68, 14, 3, 5
2018/11/18, 132, 61, 48, 14, 1, 6
2018/11/19, 121, 67, 48, 15, 1, 7
2018/11/20, 137, 55, 60, 16, 1, 9
2018/11/21, 105, 69, 56, 19, 2, 8
2018/11/22, 142, 76, 64, 19, 3, 10
2018/11/23, 152, 75, 60, 22, 3, 10
2018/11/24, 142, 75, 74, 18, 2, 9
2018/11/25, 133, 75, 69, 19, 4, 7
2018/11/26, 139, 72, 67, 20, 2, 10
2018/11/27, 140, 57, 66, 15, 4, 7
2018/11/28, 134, , , , , 
2018/7/1, 47, 34, 21, 4, 1, 5
2018/7/2, 52, 27, 22, 4, , 3
2018/7/3, 33, 26, 15, 4, 1, 4
2018/7/4, 41, 30, 17, 3, 1, 3
2018/7/5, 46, 33, 19, 4, , 3
2018/7/6, 48, 24, 23, 2, 1, 3
2018/7/7, 52, 23, 26, 2, 1, 2
2018/7/8, 43, 20, 21, 3, , 3
2018/7/9, 30, 16, 21, 3, , 3
2018/7/10, 23, 20, 19, 3, , 3
2018/7/11, 40, 26, 17, 3, , 3
2018/7/12, 54, 25, 17, 3, , 3
2018/7/13, 11, 24, 15, 3, 1, 3
2018/7/14, 39, 17, 16, 5, 2, 4
2018/7/15, 44, 17, 22, 5, 1, 3
2018/7/16, 42, 23, 15, 5, 1, 4
2018/7/17, 69, 42, 18, 5, 1, 3
2018/7/18, 69, 35, 18, 3, 1, 3
2018/7/19, 71, 28, 17, 4, 1, 3
2018/7/20, 61, 31, 18, 4, 1, 3
2018/7/21, 61, 48, 17, 3, 1, 2
2018/7/22, 81, 47, 15, 4, 1, 3
2018/7/23, 94, 46, 13, 5, 1, 3
2018/7/24, 94, 55, 15, 3, 1, 2
2018/7/25, 92, 54, 16, 4, 1, 2
2018/7/26, 88, 43, 17, 3, 1, 2
2018/7/27, 71, 56, 45, 4, 1, 2
2018/7/28, 82, 50, 18, 2, 1, 2
2018/7/29, 81, 54, 17, 3, 1, 2
2018/7/30, 84, 64, 15, 3, 1, 2
2018/7/31, 71, 84, 17, 4, 1, 3
2018/8/1, 119, 72, 15, 4, 1, 2
2018/8/2, 92, 55, 14, 4, 1, 2
2018/8/3, 65, 33, 13, 4, 1, 2
2018/8/4, 61, 48, 13, 2, 1, 1
2018/8/5, 73, 52, 13, 4, 2, 4
2018/8/6, 61, 38, 15, 3, 1, 2
2018/8/7, 55, , 14, 3, 1, 2
2018/8/8, 56, , 12, 3, 1, 2
2018/8/9, 42, , 14, 3, 1, 3
2018/8/10, 43, 26, 14, 2, 1, 2
2018/8/11, 32, 23, 15, 3, 1, 2
2018/8/12, 41, 24, 13, 4, 2, 2
2018/8/13, 59, 40, 12, 4, 1, 3
2018/8/14, 76, 37, 16, 2, 1, 2
2018/8/15, 79, 36, 16, 2, 1, 2
2018/8/16, 81, 31, 17, 3, 1, 2
2018/8/17, 79, 37, 15, 3, 1, 2
2018/8/18, 72, , 16, 3, 1, 2
2018/8/19, 51, , 13, 2, 1, 2
2018/8/20, 53, , , , , 
2018/8/22, 63, 27, 13, 3, 1, 2
2018/8/23, 72, 18, 13, 3, 1, 2
2018/8/24, 55, 18, 12, 4, 1, 3
2018/8/25, 60, 30, 14, 3, 1, 2
2018/8/26, 62, 40, 15, 4, 1, 3
2018/8/27, 73, 53, 16, 3, 1, 2
2018/8/28, 81, 61, 18, 3, 1, 3
2018/8/29, 81, 52, 43, 2, 1, 2
2018/8/30, 70, 39, 17, 2, 1, 2
2018/8/31, 62, 31, 17, 3, 1, 3
2018/9/1, 65, 29, 17, 3, 1, 2
2018/9/2, 60, 29, 15, 3, 1, 2
2018/9/3, 59, 29, 12, 3, 1, 3
2018/9/4, 72, 32, 17, 3, 1, 2
2018/9/5, 58, 41, 18, 2, 1, 2
2018/9/6, 63, 47, 21, 3, 1, 2
2018/9/7, 61, 52, 21, 3, 1, 2
2018/9/8, 71, 40, 24, 3, 1, 2
2018/9/9, 71, 41, 25, 2, 1, 2
2018/9/10, 74, 43, 20, 2, 2, 3
2018/9/11, 73, 39, 17, 3, 1, 3
2018/9/12, 63, 26, 21, 3, 1, 2
2018/9/13, 54, 33, 21, 3, 1, 2
2018/9/14, 57, 23, 22, 3, 1, 2
2018/9/15, 53, 21, 24, 2, 1, 2
2018/9/16, 28, 36, 25, 2, 1, 1
2018/9/17, 26, , , , , 
2018/9/20, 93, 56, 39, 3, 1, 2
2018/9/21, 115, 61, 31, 4, 1, 3
2018/9/22, 102, 49, 29, 3, 1, 2
2018/9/23, 96, 48, 43, 2, 1, 2
2018/9/24, 89, 52, 28, 2, 1, 2
2018/9/25, 89, 45, 36, 2, 1, 2
2018/9/26, 99, , 36, 6, 1, 3
2018/9/27, 110, 36, 29, 8, 1, 3
2018/9/28, 109, 43, 38, 5, 1, 3
2018/9/29, 83, 48, 44, 6, 1, 3
2018/9/30, 77, 48, 41, 6, 1, 4
2018/4/1, 127, 72, 90, 11, 3, 4
2018/4/2, 153, 79, 92, 13, 3, 4
2018/4/3, 157, 66, 95, 8, 3, 3
2018/4/4, 140, 81, 64, 9, 2, 3
2018/4/5, 157, 86, 41, 9, 1, 4
2018/4/6, 157, 82, 40, 9, 1, 3
2018/4/7, 152, 74, 37, 9, 2, 7
2018/4/8, 151, 73, 59, 11, 4, 6
2018/4/9, 168, 73, 54, 9, 2, 3
2018/4/10, 136, 62, 42, 10, 1, 3
2018/4/11, 118, 88, 44, 10, 2, 5
2018/4/12, 132, 74, 46, 9, 1, 3
2018/4/13, 138, 69, 47, 10, 1, 3
2018/4/14, 124, 61, 52, 8, 1, 3
2018/4/15, 120, 62, 55, 8, 2, 3
2018/4/16, 120, 72, 62, 12, 2, 4
2018/4/17, 134, 65, 59, 10, 3, 4
2018/4/18, 139, 72, 48, 11, 1, 3
2018/4/19, 147, 59, 32, 9, 1, 2
2018/4/20, 126, 48, 16, 7, 1, 1
2018/4/21, 81, , , , , 
2018/4/23, 123, 53, 78, 9, 5, 3
2018/4/24, 98, 58, 87, 8, 1, 3
2018/4/25, 112, 50, 67, 6, 1, 2
2018/4/26, 111, 45, 79, 7, , 2
2018/4/27, 86, 50, 79, 8, 1, 3
2018/4/28, 98, 49, 63, 6, , 2
2018/4/29, 84, 58, 40, 5, , 2
2018/4/30, 91, 63, 47, 6, , 2
2018/5/1, 109, 53, 44, 6, , 2
2018/5/2, 89, 46, 44, 6, , 2
2018/5/3, 85, 52, 58, 7, , 2
2018/5/4, 89, 61, 57, 6, , 2
2018/5/5, 97, 59, 62, 7, , 2
2018/5/6, 99, 43, 51, 7, , 2
2018/5/7, 74, 49, 46, 7, , 2
2018/5/8, 96, 58, 51, 6, , 2
2018/5/9, 109, 65, 78, 7, 2, 3
2018/5/10, 134, 60, 65, 7, , 2
2018/5/11, 106, 61, 47, 6, 1, 2
2018/5/12, 106, 56, 53, 6, 1, 2
2018/5/13, 91, 47, 43, 6, , 2
2018/5/14, 80, 54, 48, 5, , 2
2018/5/15, 83, 64, 50, 6, 1, 3
2018/5/16, 107, 70, 49, 7, , 3
2018/5/17, 129, 67, 27, 7, , 3
2018/5/18, 106, 73, 61, 6, 7, 10
2018/5/19, 140, 73, 46, 4, , 1
2018/5/20, 123, 60, 55, 5, , 2
2018/5/21, 109, 65, 75, 4, 1, 2
2018/5/22, 117, 66, 68, 5, , 2
2018/5/23, 117, 74, 50, 6, , 2
2018/5/24, 125, 56, 62, 5, , 2
2018/5/25, 78, 44, 31, 4, , 2
2018/5/26, 63, , , , , 
2018/5/28, 79, 46, 30, 4, , 1
2018/5/29, 67, 43, 31, 4, , 2
2018/5/30, 59, 68, 40, 5, , 1
2018/5/31, 82, 60, 46, 5, , 1
2018/6/1, 77, 52, 29, 10, 1, 8
2018/6/2, 125, 31, 55, 6, , 2
2018/6/3, 71, 27, 40, 5, , 2
2018/6/4, 61, 32, 48, 5, , 2
2018/6/5, 66, 33, 44, 5, , 2
2018/6/6, 63, 42, 31, 6, , 2
2018/6/7, 65, 41, 31, 4, , 2
2018/6/8, 58, 43, 21, 5, , 3
2018/6/9, 54, 48, 24, 4, , 2
2018/6/10, 66, 66, 22, 4, , 2
2018/6/11, 81, 66, 20, 4, , 2
2018/6/12, 76, 67, 21, 4, , 2
2018/6/13, 74, 75, 23, 4, , 2
2018/6/14, 92, 57, 24, 4, , 2
2018/6/15, 80, 45, 26, 4, , 3
2018/6/16, 62, 27, 13, 6, 3, 6
2018/6/17, 70, 29, 26, 6, , 2
2018/6/18, 25, 44, 35, 5, , 2
2018/6/19, 61, 55, 28, 9, , 3
2018/6/20, 77, 59, 32, 5, , 2
2018/6/21, 85, 47, 18, 6, 1, 5
2018/6/22, 63, 37, 17, 7, 3, 7
2018/6/23, 112, 18, 21, 5, 1, 3
2018/6/24, 24, 16, 22, 4, , 2
2018/6/25, 24, 37, 18, 4, , 2
2018/6/26, 51, 50, 19, 3, , 2
2018/6/27, 75, 41, 21, 3, , 2
2018/6/28, 56, 41, 31, 3, 4, 6
2018/6/29, 51, 40, 25, 3, , 5
2018/6/30, 64, 33, 28, 2, , 
2018/1/1, 163, 89, 48, 16, 3, 14
2018/1/2, 166, 91, 47, 21, 6, 19
2018/1/3, 169, 81, 44, 17, 2, 14
2018/1/4, 152, 73, 39, 16, 4, 11
2018/1/5, 136, 71, 15, 12, 1, 11
2018/1/6, 148, 62, 35, 13, 1, 8
2018/1/7, 112, 76, 33, 19, 4, 15
2018/1/8, 140, 97, 35, 21, 4, 19
2018/1/9, 168, 105, 36, 25, 6, 22
2018/1/10, 178, 95, 70, 24, 7, 17
2018/1/11, 161, 107, 57, 30, 11, 22
2018/1/12, 163, 98, 49, 28, 3, 20
2018/1/13, 156, 84, 71, 19, 2, 14
2018/1/14, 156, 85, 59, 20, 3, 15
2018/1/15, 148, 75, 50, 17, 2, 12
2018/1/16, 127, 63, 42, 15, 1, 10
2018/1/17, 99, 69, 45, 19, 3, 12
2018/1/18, 135, 59, 56, 16, 3, 9
2018/1/19, 105, 71, 63, 18, 5, 11
2018/1/20, 141, 72, 73, 19, 4, 13
2018/1/21, 145, 91, 72, 19, 2, 13
2018/1/22, 159, 86, 64, 12, 1, 7
2018/1/23, 157, 79, 71, 15, 2, 10
2018/1/24, 138, 85, 81, 17, 8, 10
2018/1/25, 146, 72, 81, 16, 4, 10
2018/1/26, 142, 68, 72, 15, 5, 9
2018/1/27, 134, , , , , 
2018/1/29, 175, 75, 92, 23, 9, 19
2018/1/30, 162, 78, 58, 19, 8, 8
2018/1/31, 153, 83, 72, 22, 10, 10
2018/2/1, 136, 86, 106, 18, 3, 8
2018/2/2, 137, 76, 92, 16, 3, 7
2018/2/3, 134, 72, 92, 16, 6, 4
2018/2/4, 117, 77, 88, 20, 5, 7
2018/2/5, 122, 84, 89, 19, 5, 7
2018/2/6, 150, 93, 68, 17, 3, 7
2018/2/7, 147, 86, 84, 13, 2, 5
2018/2/8, 144, 69, 49, 12, 1, 5
2018/2/9, 119, 73, 42, 14, 1, 5
2018/2/10, 125, 44, 55, 11, 1, 3
2018/2/11, 96, 56, 49, 12, 1, 3
2018/2/12, 85, 64, 23, 11, 1, 3
2018/2/13, 150, 65, 52, 12, 2, 4
2018/2/14, 128, 67, 74, 16, 6, 6
2018/2/15, 120, 87, 80, 16, 3, 6
2018/2/16, 146, 73, 85, 13, 4, 4
2018/2/17, 108, 68, 90, 14, 4, 4
2018/2/18, 127, 70, 83, 16, 5, 5
2018/2/19, 120, 74, 92, 16, 5, 6
2018/2/20, 123, 77, 84, 17, 5, 6
2018/2/21, 123, 81, 92, 16, 3, 5
2018/2/22, 129, 81, 92, 15, 3, 4
2018/2/23, 132, 85, 104, 14, 8, 5
2018/2/24, 243, , , , , 
2018/2/26, 136, 85, 78, 20, 11, 9
2018/2/27, 143, 85, 79, 18, 7, 7
2018/2/28, 172, 90, 89, 20, 11, 9
2018/3/1, 184, 91, 84, 17, 3, 9
2018/3/2, 174, 73, 82, 13, 3, 4
2018/3/3, 148, 67, 85, 12, 7, 3
2018/3/4, 127, 70, 80, 12, 4, 3
2018/3/5, 154, 70, 73, 12, 6, 5
2018/3/6, 142, 95, 77, 17, 6, 6
2018/3/7, 153, 89, 86, 13, 10, 5
2018/3/8, 147, 78, 84, 12, 6, 4
2018/3/9, 127, 97, 84, 14, 5, 6
2018/3/10, 147, 84, 87, 12, 4, 4
2018/3/11, 133, 78, 83, 13, 4, 3
2018/3/12, 122, 93, 92, 14, 7, 4
2018/3/13, 125, 74, 47, 10, 4, 2
2018/3/14, 101, 71, 46, 18, 6, 7
2018/3/15, 133, 77, 63, 21, 10, 9
2018/3/16, 137, 67, 68, 23, 10, 9
2018/3/17, 116, 68, 69, 17, 4, 5
2018/3/18, 135, 72, 77, 11, 6, 4
2018/3/19, 132, 69, 52, 10, 3, 3
2018/3/20, 108, 65, 53, 8, 2, 2
2018/3/21, 106, 64, 46, 8, 7, 5
2018/3/22, 111, 67, 74, 8, 2, 2
2018/3/23, 109, 70, 76, 15, 4, 4
2018/3/24, 124, 70, 32, 20, 5, 8
2018/3/25, 123, 85, 84, 27, 9, 10
2018/3/26, 148, 59, 81, 12, 4, 4
2018/3/27, 119, 90, 75, 9, 19, 3
2018/3/28, 151, 57, 72, 9, 11, 3
2018/3/29, 122, 59, 75, 9, 5, 3
2018/3/30, 131, 72, 66, 10, 7, 4
2018/3/31, 131, 62, 72, 9, 1, 3
2017/10/1, 95, 54, 49, 13, 1, 4
2017/10/2, 122, 52, 48, 18, 1, 6
2017/10/3, 106, 56, 53, 20, 1, 7
2017/10/4, 127, 63, 56, 22, 1, 8
2017/10/5, 128, 55, 32, 22, 1, 7
2017/10/6, 121, 38, 26, 17, 1, 7
2017/10/7, 90, 29, 30, 18, 1, 6
2017/10/8, 57, 23, 33, 20, 1, 6
2017/10/9, 49, 24, 21, 19, 1, 6
2017/10/10, 53, 19, 20, 30, 1, 8
2017/10/11, 51, 26, 21, 25, 1, 8
2017/10/12, 62, 23, 17, 25, 1, 10
2017/10/13, 62, 33, 28, 27, 1, 10
2017/10/14, 94, 48, 40, 15, 1, 10
2017/10/15, 127, 52, 50, 17, 1, 6
2017/10/16, 114, 56, 44, 20, 1, 5
2017/10/17, 133, 62, 47, 24, 2, 5
2017/10/18, 138, 185, 60, 22, 1, 7
2017/10/19, 169, 80, 50, 16, 1, 5
2017/10/20, 167, 72, 49, 17, 1, 5
2017/10/21, 163, 69, 40, 14, 1, 4
2017/10/22, 152, 61, 38, 14, 1, 4
2017/10/23, 120, 54, 48, 15, 2, 7
2017/10/24, 112, 70, 58, 22, 3, 9
2017/10/25, 132, 71, 53, 24, 2, 9
2017/10/26, 135, 49, 53, 18, 4, 11
2017/10/27, 97, 57, 53, 21, 1, 10
2017/10/28, 121, 66, 55, 21, 1, 12
2017/10/29, 131, 69, 50, 27, 1, 14
2017/10/30, 136, 83, 51, 29, 4, 18
2017/10/31, 152, 74, 60, 23, 1, 13
2017/11/1, 147, 79, 59, 23, 1, 13
2017/11/2, 157, 69, 55, 23, 1, 10
2017/11/3, 148, 73, 60, 21, 2, 9
2017/11/4, 149, 71, 55, 20, 2, 9
2017/11/5, 158, 69, 47, 22, 2, 13
2017/11/6, 143, 74, 51, 19, 2, 19
2017/11/7, 148, 72, 58, 16, 2, 14
2017/11/8, 141, 77, 63, 19, 3, 15
2017/11/9, 151, 80, 71, 19, 2, 17
2017/11/10, 158, 83, 71, 17, 2, 15
2017/11/11, 165, 85, 79, 19, 2, 16
2017/11/12, 169, 86, 85, 16, 1, 15
2017/11/13, 170, 73, 54, 15, 1, 11
2017/11/14, 162, 79, 69, 21, 2, 11
2017/11/15, 150, 83, 65, 19, 1, 14
2017/11/16, 159, 84, 71, 17, 1, 13
2017/11/17, 162, 78, 65, 17, 3, 13
2017/11/18, 152, 82, 61, 20, 2, 15
2017/11/19, 148, 83, 35, 18, 1, 17
2017/11/20, 146, 89, 46, 20, 1, 20
2017/11/21, 160, 71, 37, 15, 1, 9
2017/11/22, 129, 72, 42, , 1, 11
2017/11/23, 121, 76, 68, , 1, 9
2017/11/24, 144, 63, 42, , 5, 15
2017/11/25, 141, 90, 58, 36, 5, 14
2017/11/26, 163, 86, 67, 32, 2, 15
2017/11/27, 153, 82, 69, 27, 1, 12
2017/11/28, 143, 83, 64, 31, 3, 12
2017/11/29, 144, 83, 62, 32, 2, 14
2017/11/30, 149, 84, 55, 33, 3, 15
2017/12/1, 146, 74, 58, 24, 2, 10
2017/12/2, 159, 73, 59, 21, 2, 8
2017/12/3, 158, 79, 53, 20, 2, 8
2017/12/4, 157, 67, 34, 19, 1, 7
2017/12/5, 149, 55, 28, 18, 1, 6
2017/12/6, 118, 54, 41, 19, 1, 7
2017/12/7, 111, 77, 42, 25, 1, 14
2017/12/8, 155, 92, 53, 29, 2, 16
2017/12/9, 171, 71, 49, 22, 1, 10
2017/12/10, 145, 82, 48, 20, 1, 9
2017/12/11, 150, 63, 34, 16, 1, 5
2017/12/12, 101, 75, 37, 17, 1, 6
2017/12/13, 115, 80, 32, 20, 1, 9
2017/12/14, 130, 73, 43, 19, 1, 9
2017/12/15, 144, 80, 43, 25, 1, 13
2017/12/16, 160, 86, 44, 21, 3, 13
2017/12/17, 166, 79, 45, 21, 3, 9
2017/12/18, 159, 80, 38, 22, 2, 12
2017/12/19, 151, 80, 43, 22, 8, 14
2017/12/20, 154, 92, 44, 25, 6, 17
2017/12/21, 165, 109, 49, 30, 6, 20
2017/12/22, 171, 105, 67, 25, 4, 16
2017/12/23, 181, 88, 67, 19, 3, 10
2017/12/24, 170, 87, 60, 20, 4, 11
2017/12/25, 165, 99, 47, 26, 8, 22
2017/12/26, 164, 94, 68, 21, 2, 20
2017/12/27, 166, 88, 53, 26, 3, 23
2017/12/28, 177, 79, 63, 22, 3, 18
2017/12/29, 227, 73, 33, 18, 6, 15
2017/12/30, 185, , , , , 
2017/7/1, 46, 17, 17, 25, 1, 4
2017/7/2, 55, 32, 14, 16, 2, 4
2017/7/3, 63, 47, 14, 4, 2, 3
2017/7/4, 77, 52, , 7, 1, 3
2017/7/5, 71, 51, 11, 6, 1, 3
2017/7/6, 72, 49, 15, 6, 1, 4
2017/7/7, 80, 33, 15, 5, 2, 3
2017/7/8, 59, 33, 18, 4, 1, 3
2017/7/9, 62, 33, 15, 5, 2, 3
2017/7/10, 71, 51, 15, 6, 2, 5
2017/7/11, 68, 44, 14, 6, 2, 4
2017/7/12, 67, 29, 12, 5, 2, 4
2017/7/13, 75, 25, 12, 5, 2, 4
2017/7/14, 73, 33, 13, 5, 2, 4
2017/7/15, 86, 23, 14, 5, 2, 3
2017/7/16, 74, 19, 16, 9, 6, 7
2017/7/17, 58, 15, 21, 7, 6, 11
2017/7/18, 33, 17, 16, 5, 1, 6
2017/7/19, 226, 13, 12, 7, 1, 7
2017/7/20, 36, 13, 14, 8, 1, 6
2017/7/21, 40, 11, 19, 7, 1, 5
2017/7/22, 34, 22, 14, 5, 1, 4
2017/7/23, 45, 40, 15, 5, 1, 5
2017/7/24, 66, 48, 14, 9, 1, 5
2017/7/25, 72, 41, 13, 9, 2, 5
2017/7/26, 74, 30, 15, 9, 1, 5
2017/7/27, 62, 27, 13, 11, 1, 5
2017/7/28, 61, 41, 13, 10, 1, 6
2017/7/29, 68, 30, 14, 9, 1, 6
2017/7/30, 63, 30, 11, 13, 1, 7
2017/7/31, 73, 33, 11, 11, 1, 7
2017/8/1, 51, 43, 12, 10, 1, 6
2017/8/2, 63, 37, 12, 10, 1, 5
2017/8/3, 71, 47, 16, 10, 1, 5
2017/8/4, 70, 48, 15, 10, 1, 5
2017/8/5, 74, 46, 17, 9, , 4
2017/8/6, 89, 43, 14, 9, 1, 4
2017/8/7, 85, 49, 15, 11, 1, 5
2017/8/8, 66, 48, 12, 11, 1, 7
2017/8/9, 85, 42, 13, 11, 1, 6
2017/8/10, 78, 46, 15, 10, 1, 5
2017/8/11, 69, 48, 15, 9, 1, 4
2017/8/12, 68, 33, 12, 9, 1, 4
2017/8/13, 59, 30, 10, 10, 1, 5
2017/8/14, 60, 44, 12, 9, , 5
2017/8/15, 60, 41, 15, 8, 1, 4
2017/8/16, 65, 52, 17, 7, 1, 4
2017/8/17, 99, 40, 21, 7, 3, 10
2017/8/18, 56, 28, 12, 10, 1, 5
2017/8/19, 60, 19, 13, 8, 1, 5
2017/8/20, 66, 12, 16, 7, 1, 8
2017/8/21, 52, 32, 17, 7, 1, 7
2017/8/22, 65, 44, 16, 6, 1, 6
2017/8/23, 83, 39, 13, 5, 4, 5
2017/8/24, 73, 29, 11, 4, 1, 5
2017/8/25, 77, 27, 13, 5, 2, 5
2017/8/26, 77, 24, 13, 4, 1, 4
2017/8/27, 53, 18, 14, 8, 1, 9
2017/8/28, 54, 25, 26, 7, 2, 7
2017/8/29, 47, 22, 25, 6, 1, 7
2017/8/30, 55, 40, 17, 5, 7, 6
2017/8/31, 73, 51, 16, 8, 7, 8
2017/9/1, 90, 40, 25, 6, 9, 6
2017/9/2, 89, 37, 10, 5, 6, 8
2017/9/3, 67, 53, 15, 5, 3, 5
2017/9/4, 93, 48, 18, 5, 5, 5
2017/9/5, 89, 44, 8, 5, 15, 5
2017/9/6, 73, , , , , 
2017/9/11, 88, 34, 24, 6, 1, 7
2017/9/12, 69, 24, 24, 6, 1, 6
2017/9/13, 54, 32, 22, 6, 1, 8
2017/9/14, 102, 39, 23, 5, 1, 6
2017/9/15, 109, 35, 20, 5, 1, 6
2017/9/16, 74, 37, 19, 4, 1, 6
2017/9/17, 76, 28, 28, 7, 1, 10
2017/9/18, 128, 27, 26, 8, 1, 7
2017/9/19, 84, 34, 27, 11, 1, 4
2017/9/20, 85, 36, 24, 12, 1, 4
2017/9/21, 82, 43, 25, 12, 1, 4
2017/9/22, 82, 39, 25, 11, 1, 3
2017/9/23, 69, 31, 24, 9, 1, 3
2017/9/24, 68, 45, 27, 11, 1, 3
2017/9/25, 92, 41, 35, 12, 1, 4
2017/9/26, 100, 45, 37, 18, 1, 7
2017/9/27, 111, 53, 33, 24, 2, 8
2017/9/28, 103, 51, 32, 21, 1, 9
2017/9/29, 133, 45, 37, 16, 2, 8
2017/9/30, 89, 46, 43, 15, 1, 6
2017/4/1, 138, 70, 45, 17, 4, 6
2017/4/2, 115, 86, 40, 16, 3, 6
2017/4/3, 115, 62, 39, 16, 2, 7
2017/4/4, 106, 70, 40, 12, 2, 6
2017/4/5, 119, 76, 43, 16, 3, 8
2017/4/6, 130, 78, 44, 13, 2, 5
2017/4/7, 121, 85, 97, 21, 9, 7
2017/4/8, 147, 89, 92, 23, 8, 8
2017/4/9, 155, 101, 80, 38, 7, 22
2017/4/10, 161, 97, 74, 34, 3, 21
2017/4/11, 156, 74, 69, 25, 4, 13
2017/4/12, 133, 71, 71, 20, 5, 11
2017/4/13, 133, 72, 79, 19, 9, 11
2017/4/14, 137, 72, 65, 13, 4, 7
2017/4/15, 147, 66, 75, 12, 5, 7
2017/4/16, 129, 62, 55, 15, 5, 8
2017/4/17, 133, , , , , 
2017/4/25, 132, 71, 48, 10, 2, 5
2017/4/26, 129, 67, 59, 12, 2, 6
2017/4/27, 139, 60, 50, 7, 3, 4
2017/4/28, 110, 61, 42, 7, 2, 3
2017/4/29, 103, 78, 44, 10, 1, 4
2017/4/30, 108, 72, 46, 14, 2, 5
2017/5/1, 202, 84, 61, 11, 2, 5
2017/5/2, 174, 78, 57, 10, 2, 5
2017/5/3, 140, 69, 60, 11, 5, 5
2017/5/4, 138, 65, 54, 9, 2, 5
2017/5/5, 138, 70, 68, 11, 3, 8
2017/5/6, 150, 62, 51, 9, 1, 5
2017/5/7, 116, 60, 49, 7, 1, 6
2017/5/8, 123, 51, 44, 4, 2, 4
2017/5/9, 100, 47, 47, 3, 2, 4
2017/5/10, 97, 53, 45, 4, 2, 5
2017/5/11, 110, 54, 47, 4, 2, 4
2017/5/12, 105, 70, 66, 5, 2, 8
2017/5/13, 144, 61, 61, 7, 3, 8
2017/5/14, 148, 49, 31, 6, 1, 5
2017/5/15, 106, 46, 32, 4, 2, 5
2017/5/16, 86, 48, 30, 4, 1, 4
2017/5/17, 98, 42, 35, 4, 1, 4
2017/5/18, 84, 46, 35, 3, 1, 4
2017/5/19, 91, 36, 35, 3, 1, 3
2017/5/20, 74, 36, 34, 3, 1, 3
2017/5/21, 68, 41, 35, 3, 1, 4
2017/5/22, 82, 46, 37, 3, 1, 4
2017/5/23, 89, 60, 36, 4, 1, 5
2017/5/24, 104, 52, 27, 3, 1, 4
2017/5/25, 86, 43, 31, 3, 1, 4
2017/5/26, 79, 43, 25, 3, 1, 4
2017/5/27, 72, 45, 24, 3, 1, 4
2017/5/28, 74, 44, 23, 3, 1, 4
2017/5/29, 63, 39, 23, 3, 1, 4
2017/5/30, 70, 45, 37, 3, 1, 4
2017/5/31, 75, 46, 51, 4, 1, 5
2017/6/1, 82, 36, 45, 5, 1, 6
2017/6/2, 95, 45, 40, 7, 1, 8
2017/6/3, 97, 26, 31, 4, 1, 4
2017/6/4, 55, 47, 28, 4, 1, 4
2017/6/5, 77, 56, 22, 4, 1, 5
2017/6/6, 91, 42, 26, 4, 1, 5
2017/6/7, 68, 30, 21, 4, 1, 4
2017/6/8, 55, 38, 21, 3, 1, 4
2017/6/9, 69, 31, 22, 4, 1, 4
2017/6/10, 55, 26, 31, 4, 1, 5
2017/6/11, 61, 27, 31, 4, 1, 5
2017/6/12, 65, 31, 42, 4, 1, 6
2017/6/13, 71, 37, 25, 4, 1, 6
2017/6/14, 69, 32, 21, 4, 1, 5
2017/6/15, 68, 49, 26, 4, 2, 5
2017/6/16, 68, 37, 27, 3, 1, 4
2017/6/17, 67, 38, 22, 3, 1, 3
2017/6/18, 55, 42, 20, 3, 1, 4
2017/6/19, 61, 44, 17, 3, 1, 5
2017/6/20, 63, 50, 17, 3, 1, 5
2017/6/21, 57, 43, 12, 3, 1, 5
2017/6/22, 60, 50, 17, 3, 1, 4
2017/6/23, 60, 164, 13, 4, 1, 5
2017/6/24, 64, 40, 24, 4, 1, 5
2017/6/25, 78, 50, 27, 3, 1, 5
2017/6/26, 61, 40, 47, 3, 4, 8
2017/6/27, 63, 21, 18, 5, 1, 6
2017/6/28, 43, 25, 19, 3, 2, 5
2017/6/29, 53, 39, 16, 28, 2, 5
2017/6/30, 74, 19, 13, 24, 1, 5
2017/1/2, 183, 88, 37, 39, 6, 24
2017/1/3, 175, 94, 35, 42, 12, 27
2017/1/4, 179, 82, 38, 38, 3, 20
2017/1/5, 165, 82, 28, 30, 2, 18
2017/1/6, 150, 68, 44, 35, 2, 10
2017/1/7, 156, 50, 54, 35, 2, 8
2017/1/8, 130, 54, 28, 18, 1, 6
2017/1/9, 125, 62, 55, 30, 4, 12
2017/1/10, 148, 83, 62, 39, 5, 23
2017/1/11, 174, 78, 58, 45, 8, 20
2017/1/12, 176, 68, 58, 43, 11, 14
2017/1/13, 159, 69, 49, 42, 7, 13
2017/1/14, 166, 72, 59, 37, 4, 11
2017/1/15, 173, 77, 64, 45, 3, 16
2017/1/16, 174, 75, 63, 37, 6, 12
2017/1/17, 167, 74, 60, 34, 7, 11
2017/1/18, 163, 69, 51, 46, 3, 18
2017/1/19, 165, 89, 50, 44, 8, 27
2017/1/20, 180, 95, 37, 44, 8, 20
2017/1/21, 182, 79, 36, 36, 4, 21
2017/1/22, 163, 81, 42, 42, 7, 28
2017/1/23, 158, 75, 34, 45, 5, 17
2017/1/24, 167, 81, 33, 45, 6, 20
2017/1/25, 174, 67, 32, 31, 4, 10
2017/1/26, 157, 56, 53, 32, 4, 10
2017/1/27, 137, 69, 58, 41, 12, 22
2017/1/28, 154, 72, 72, 40, 5, 18
2017/1/29, 167, 87, 87, 36, 5, 18
2017/1/30, 168, 66, 78, 34, 3, 14
2017/1/31, 156, 68, 69, 48, 12, 17
2017/2/1, 152, 77, 81, 42, 12, 22
2017/2/2, 159, 71, 69, 32, 6, 15
2017/2/3, 167, 64, 83, 24, 4, 10
2017/2/4, 163, 56, 45, 22, 2, 7
2017/2/5, 123, 69, 64, 29, 3, 9
2017/2/6, 129, 77, 70, 24, 8, 11
2017/2/7, 146, 78, 83, 20, 3, 6
2017/2/8, 158, 70, 84, 28, 3, 12
2017/2/9, 171, 67, 94, 33, 10, 13
2017/2/10, 210, 92, 67, 31, 3, 13
2017/2/11, 205, 61, 81, 37, 10, 11
2017/2/12, 166, 66, 61, 38, 10, 17
2017/2/13, 168, 76, 57, 40, 12, 23
2017/2/14, 175, 85, 69, 38, 8, 26
2017/2/15, 189, 77, 74, 34, 6, 21
2017/2/16, 185, 93, 57, 43, 12, 27
2017/2/17, 195, 78, 55, 41, 8, 36
2017/2/18, 168, 72, 61, 42, 9, 20
2017/2/19, 162, 68, 75, 31, 5, 12
2017/2/20, 154, 62, 46, 27, 2, 9
2017/2/21, 142, 73, 48, 34, 4, 8
2017/2/22, 125, 58, 51, 28, 3, 8
2017/2/23, 128, 73, 61, 35, 10, 19
2017/2/24, 158, 76, 63, 41, 3, 28
2017/2/25, 178, 81, 60, 43, 10, 28
2017/2/26, 153, 74, 60, 39, 7, 23
2017/2/27, 141, 68, 77, 35, 5, 16
2017/2/28, 144, 69, 84, 32, 8, 13
2017/3/1, 158, 73, 75, 35, 9, 11
2017/3/2, 153, 73, 73, 26, 7, 11
2017/3/3, 152, 60, 58, 27, 4, 10
2017/3/4, 147, 59, 62, 23, 3, 8
2017/3/5, 144, 67, 88, 27, 8, 9
2017/3/6, 153, 74, 73, 24, 5, 9
2017/3/7, 156, 63, 47, 21, 4, 8
2017/3/8, 149, 64, 34, 19, 2, 7
2017/3/9, 124, 85, 32, 19, 1, 6
2017/3/10, 131, 73, 51, 20, 2, 6
2017/3/11, 136, 83, 74, 44, 6, 15
2017/3/12, 172, 88, 76, 32, 10, 17
2017/3/13, 188, 74, 74, 46, 8, 18
2017/3/14, 156, 74, 74, 27, 6, 13
2017/3/15, 161, 75, 50, 28, 3, 9
2017/3/16, 152, 59, 62, 32, 4, 9
2017/3/17, 136, 74, 40, 28, 4, 8
2017/3/18, 156, 67, 38, 29, 3, 6
2017/3/19, 143, 67, 60, 34, 6, 12
2017/3/20, 149, 68, 74, 29, 9, 10
2017/3/21, 159, 69, 93, 20, 8, 9
2017/3/22, 155, 74, 93, 18, 5, 8
2017/3/23, 158, 70, 90, 20, 10, 9
2017/3/24, 160, 67, 99, 18, 7, 8
2017/3/25, 142, 74, 76, 26, 5, 9
2017/3/26, 146, 88, 77, 37, 7, 14
2017/3/27, 161, 89, 77, 28, 12, 12
2017/3/28, 156, 81, 84, 21, 7, 8
2017/3/29, 151, 82, 67, 15, 6, 9
2017/3/30, 153, 65, 75, 12, 6, 6
2017/3/31, 142, 75, 59, 12, 6, 8
2016/10/4, 99, 23, 16, 9, 1, 5
2016/10/5, 57, 25, 13, 7, 1, 4
2016/10/6, 64, 36, 17, 10, , 5
2016/10/7, 79, 38, 16, 8, 1, 5
2016/10/8, 75, 28, 15, 6, 1, 3
2016/10/9, 46, 33, 21, 7, 1, 4
2016/10/10, 72, 49, 33, 6, 1, 4
2016/10/11, 74, 47, 31, 7, 1, 4
2016/10/12, 78, 48, 25, 7, 1, 3
2016/10/13, 84, 50, 36, 13, 4, 5
2016/10/14, 82, 48, 29, 14, 3, 5
2016/10/15, 82, 45, 37, 19, 5, 7
2016/10/16, 69, 46, 43, 16, 1, 5
2016/10/17, 70, 39, 49, 13, 3, 7
2016/10/18, 90, 52, 47, 14, 1, 4
2016/10/19, 79, 52, 41, 13, 1, 4
2016/10/20, 76, 52, 50, 14, 1, 4
2016/10/21, 128, 49, 42, 13, 4, 5
2016/10/22, 94, 27, 55, 15, 3, 5
2016/10/23, 72, 14, 51, 16, 2, 5
2016/10/24, 73, 26, 47, 13, , 4
2016/10/25, 71, 27, 43, 14, , 4
2016/10/26, 74, 31, 49, 18, 1, 6
2016/10/27, 86, 33, 44, 20, 1, 6
2016/10/28, 88, 33, 52, 21, 4, 8
2016/10/29, 67, 25, 46, 27, 5, 10
2016/10/30, 77, 28, 54, 27, 5, 9
2016/10/31, 90, 30, 46, 25, 4, 9
2016/11/1, 80, 28, 57, 25, 2, 7
2016/11/2, 97, 53, 52, 29, 4, 7
2016/11/3, 91, 69, 58, 26, 5, 7
2016/11/4, 71, 62, 54, 31, 4, 9
2016/11/5, 133, 59, 59, 27, 1, 8
2016/11/6, 149, 62, 57, 31, 1, 10
2016/11/7, 148, 78, 38, 19, 2, 14
2016/11/8, 156, 74, 45, 17, 1, 12
2016/11/9, 155, 74, 37, 16, 3, 14
2016/11/10, 168, 89, 28, 20, 7, 18
2016/11/11, 159, 76, 62, 15, 6, 11
2016/11/15, 116, 95, 56, 15, 9, 16
2016/11/16, 196, 94, 46, 27, 7, 12
2016/11/17, 179, 75, 61, 34, 8, 9
2016/11/18, 172, 72, 55, 34, 7, 11
2016/11/19, 175, 82, 58, 41, 14, 15
2016/11/20, 220, 91, 61, 36, 7, 17
2016/11/21, 180, 87, 49, 38, 10, 16
2016/11/22, 176, 90, 52, 39, 5, 17
2016/11/23, 170, 81, 43, 39, 7, 13
2016/11/24, 186, 90, 29, 40, 9, 15
2016/11/25, 180, 94, 44, 49, 9, 17
2016/11/26, 167, 86, 44, 45, 10, 20
2016/11/27, 159, 80, 42, 49, 10, 18
2016/11/28, 164, 74, 39, 35, 3, 12
2016/11/29, 158, 83, 50, 40, 9, 16
2016/11/30, 158, 75, 59, 38, 8, 13
2016/12/1, 160, 82, 54, 39, 6, 16
2016/12/2, 193, 98, 51, 40, 10, 18
2016/12/3, 172, 78, 54, 37, 10, 12
2016/12/4, 186, 80, 36, 31, 3, 9
2016/12/5, 179, 92, 44, 40, 12, 16
2016/12/6, 169, 74, 35, 36, 12, 11
2016/12/7, 166, 73, 36, 40, 8, 11
2016/12/8, 174, 85, 31, 46, 10, 18
2016/12/9, 174, 89, 24, 43, 8, 19
2016/12/10, 156, 81, 24, 48, 6, 18
2016/12/11, 154, 75, 18, 38, 3, 16
2016/12/12, 163, 83, 16, 42, 12, 18
2016/12/13, 163, 89, 13, 40, 9, 20
2016/12/14, 170, 79, 11, 42, 11, 13
2016/12/15, 161, 65, 12, 29, 10, 8
2016/12/16, 162, 72, 11, 32, 14, 13
2016/12/17, 175, 83, 9, 38, 9, 15
2016/12/18, 120, 49, 4, 29, 1, 7
2016/12/19, 147, 71, 45, 33, 21, 10
2016/12/20, 153, 64, 48, 40, 14, 11
2016/12/21, 180, 79, 60, 38, 14, 15
2016/12/22, 159, 72, 58, 35, 8, 16
2016/12/23, 157, 79, 53, 41, 20, 20
2016/12/24, 144, 64, 69, 37, 4, 13
2016/12/25, 154, 66, 76, 43, 5, 16
2016/12/26, 169, 80, 48, 46, 8, 18
2016/12/27, 174, 79, 58, 43, 5, 15
2016/12/28, 166, 79, 58, 47, 9, 19
2016/12/29, 195, 99, 61, 50, 8, 28
2016/12/30, 190, 99, 63, 43, 6, 28
2016/12/31, 160, 78, 59, 37, 2, 18
2017/1/1, 161, 73, 60, 43, 5, 19
2018/9/19, , 41, 31, 3, 1, 3
2018/4/22, , 60, 53, 7, 1, 2
2018/5/27, , 58, 49, 6, , 2
2017/12/31, , 87, 53, 14, 3, 10
2018/1/28, , 114, 83, 28, 13, 20
2018/2/25, , 84, 84, 15, 10, 5
2017/9/10, , 36, 28, 7, 2, 9
2017/4/24, , 79, 47, 7, 2, 4
2016/10/1, , 30, 15, 8, 1, 5
2016/10/2, , 23, 15, 8, 1, 5
2016/10/3, , 23, 16, 9, , 5
2016/8/28, , 32, 11, 7, 1, 3
2016/8/29, , 38, 10, 8, 1, 4
2016/8/30, , 36, 11, 7, 1, 3
2016/8/31, , 34, 9, 7, 1, 3
2016/9/1, , 29, 8, 7, , 3
2016/9/2, , 28, 11, 7, 1, 2
2016/9/3, , 34, 13, 8, 1, 2
2016/9/4, , 30, 13, 7, 1, 3
2016/9/5, , 26, 13, 7, 1, 2
2016/9/6, , 29, 11, 10, 1, 3
2016/9/7, , 33, 8, 11, 1, 3
2016/9/8, , 27, 8, 9, 1, 3
2016/9/9, , 28, 8, 8, 1, 3
2016/9/10, , 28, 11, 7, 1, 2
2016/9/11, , 24, 15, 8, 1, 3
2016/9/12, , 32, 15, 7, 1, 2
2016/9/13, , 29, 15, 7, 4, 3
2016/9/14, , 38, 18, 9, , 4
2016/9/15, , 33, 18, 9, , 4
2016/9/16, , 30, 14, 13, , 4
2016/9/17, , 30, 15, 12, 1, 4
2016/9/18, , 25, 16, 11, 1, 4
2016/9/19, , 26, 14, 7, 1, 3
2016/9/20, , 23, 15, 8, 1, 4
2016/9/21, , 32, 19, 7, 1, 4
2016/9/22, , 35, 22, 7, , 4
2016/9/23, , 34, 23, 7, , 3
2016/9/24, , 31, 26, 7, 1, 3
2016/9/25, , 31, 20, 6, , 3
2016/9/26, , 34, 25, 6, 1, 4
2016/9/27, , 40, 24, 6, 1, 3
2016/9/28, , 38, 23, 6, 1, 4
2016/9/29, , 41, 23, 5, , 3
2016/9/30, , 45, 17, 6, , 3
2018/8/21, , , 12, 4, 2, 3
2016/11/12, , , 35, 22, 5, 20
2016/11/13, , , 49, 14, 4, 12
2016/11/14, , , 73, 17, 9, 14
2016/8/27, , , 11, 8, 1, 3