date,day,,,pm25,pm10,o3,no2,so2,co
29-11-2018,29,Nov,2018,104.6771281,74,64,24,6,13
30-11-2018,30,Nov,2018,143,74,56,23,3,13
01-12-2018,01,Dec,2018,154,66,67,22,4,12
02-12-2018,02,Dec,2018,150,65,60,22,2,10
03-12-2018,03,Dec,2018,148,68,58,22,3,11
04-12-2018,04,Dec,2018,145,67,30,17,1,9
05-12-2018,05,Dec,2018,149,55,9,25,1,11
06-12-2018,06,Dec,2018,91,55,50,14,1,6
07-12-2018,07,Dec,2018,90,49,54,13,1.762455172,5
08-12-2018,08,Dec,2018,63,46,51,13,1,5
09-12-2018,09,Dec,2018,55,60,53,11,1,4
10-12-2018,10,Dec,2018,96,50,61,12,1,5
11-12-2018,11,Dec,2018,150,66.54990258,48.60677777,16.91327479,2.607567781,8.588595642
14-12-2018,14,Dec,2018,84.59821685,58,56,18,7,6
15-12-2018,15,Dec,2018,73,52,62,14,5,5
16-12-2018,16,Dec,2018,64,55,63,19,7,6
17-12-2018,17,Dec,2018,70,58,51,21,6,8
18-12-2018,18,Dec,2018,56,55,45,21,7,9
19-12-2018,19,Dec,2018,47,56,48,22,4,10
20-12-2018,20,Dec,2018,51,66,59,24,5,12
21-12-2018,21,Dec,2018,63,64,59,27,6,11
22-12-2018,22,Dec,2018,50,63,64,29,6,11
23-12-2018,23,Dec,2018,57,63,72,20,3,8
24-12-2018,24,Dec,2018,57,56,58,18,1,6
25-12-2018,25,Dec,2018,45,52,49,14,1,5
26-12-2018,26,Dec,2018,72,59,25,18,1,6
27-12-2018,27,Dec,2018,141,65,57,30,8,12
28-12-2018,28,Dec,2018,131,71,60,32,7,13
29-12-2018,29,Dec,2018,133,65,68,29,6,12
30-12-2018,30,Dec,2018,124,65.37401058,51.6023576,10.05745314,2.993088993,6.289322134
31-12-2018,31,Dec,2018,129.6856384,79,62,31,5,15
01-01-2019,01,Jan,2019,147,80,67,29,3,13
02-01-2019,02,Jan,2019,135,74,62,29,4,12
03-01-2019,03,Jan,2019,137,70,71,29,4,12
04-01-2019,04,Jan,2019,123,65,71,23,4,10
05-01-2019,05,Jan,2019,120,51,51,17,2,7
06-01-2019,06,Jan,2019,97,70,51,27,11,11
07-01-2019,07,Jan,2019,119,84,68,30,8,12
08-01-2019,08,Jan,2019,146,72,66,27,5,12
09-01-2019,09,Jan,2019,132,89,58,39,4,18
10-01-2019,10,Jan,2019,149,85,70,28,4,12
11-01-2019,11,Jan,2019,150,63,65,19,2,8
12-01-2019,12,Jan,2019,119,60,74,19,3,8
13-01-2019,13,Jan,2019,123,65,61,27,4,10
14-01-2019,14,Jan,2019,131,72,54,26,7,12
15-01-2019,15,Jan,2019,133,80,59,32,3,14
16-01-2019,16,Jan,2019,144,68,56,22,2,8
17-01-2019,17,Jan,2019,132,65,62,17,3,6
18-01-2019,18,Jan,2019,122,75,53,32,7,14
19-01-2019,19,Jan,2019,124,63,65,24,3,11
20-01-2019,20,Jan,2019,122,81,59,18,2,7
21-01-2019,21,Jan,2019,122,67,31,13,1,4
22-01-2019,22,Jan,2019,84,59,36,12,1,4
23-01-2019,23,Jan,2019,80,59,17,11,4,4
24-01-2019,24,Jan,2019,86,55,47,9,2,3
25-01-2019,25,Jan,2019,87,52,42,12,1,5
26-01-2019,26,Jan,2019,97,47,43,12,1,4
27-01-2019,27,Jan,2019,88,43,45,14,2,4
28-01-2019,28,Jan,2019,81,52,49,20,5,9
29-01-2019,29,Jan,2019,89,64,63,24,5,10
30-01-2019,30,Jan,2019,117,63,60,21,6,10
31-01-2019,31,Jan,2019,117,62,41,18,3,8
01-02-2019,01,Feb,2019,102,62,53,17,6,7
02-02-2019,02,Feb,2019,122,59,41,17,2,8
03-02-2019,03,Feb,2019,124,65,40,22,2,10
04-02-2019,04,Feb,2019,131,77,42,20,5,7
05-02-2019,05,Feb,2019,132,105,49,13,1,5
06-02-2019,06,Feb,2019,128,89,35,7,1,2
07-02-2019,07,Feb,2019,87,91,40,7,1,2
08-02-2019,08,Feb,2019,104,79,38,14,2,5
09-02-2019,09,Feb,2019,118,78,52,19,4,8
10-02-2019,10,Feb,2019,125,90,39,20,2,11
11-02-2019,11,Feb,2019,35,74,42,23,3,10
12-02-2019,12,Feb,2019,145,53,47,14,2,6
13-02-2019,13,Feb,2019,109,56,35,11,1,5
14-02-2019,14,Feb,2019,120,78,49,10,2,5
15-02-2019,15,Feb,2019,123,52,49,11,1,6
16-02-2019,16,Feb,2019,126,51,59,10,3,6
17-02-2019,17,Feb,2019,124,54,49,12,1,6
18-02-2019,18,Feb,2019,107,46,49,12,1,6
19-02-2019,19,Feb,2019,99,58,51,15,4,8
20-02-2019,20,Feb,2019,100,66,51,11,1,7
21-02-2019,21,Feb,2019,120,61,42,6,2,5
22-02-2019,22,Feb,2019,104,48,38,7,5,5
23-02-2019,23,Feb,2019,91,56,45,8,1,6
24-02-2019,24,Feb,2019,89,66,31,5,2,5
25-02-2019,25,Feb,2019,96,105,31,3,1,4
26-02-2019,26,Feb,2019,97,62,26,2,1,4
27-02-2019,27,Feb,2019,88,52,46,9,2,8
28-02-2019,28,Feb,2019,82,64,49,13,4,12
01-03-2019,01,Mar,2019,108,72,58,14,4,11
02-03-2019,02,Mar,2019,113,35,42,2,2,4
03-03-2019,03,Mar,2019,63,58,21,2,1,3
04-03-2019,04,Mar,2019,108,66,40,2,1,3
05-03-2019,05,Mar,2019,110,60,43,3,1,4
06-03-2019,06,Mar,2019,105,66,53,5,1,5
07-03-2019,07,Mar,2019,127,68,58,9,3,6
08-03-2019,08,Mar,2019,139,69,36,7,2,5
09-03-2019,09,Mar,2019,124,62,41,7,2,5
10-03-2019,10,Mar,2019,114,75,33,5,1,4
11-03-2019,11,Mar,2019,125,69,42,8,5,5
12-03-2019,12,Mar,2019,124,66,51,4,2,4
13-03-2019,13,Mar,2019,113,53,37,5,2,3
14-03-2019,14,Mar,2019,106,56,52,10,6,7
15-03-2019,15,Mar,2019,123,63,54,11,4,7
16-03-2019,16,Mar,2019,116,59,56,8,2,6
17-03-2019,17,Mar,2019,124,69,48,7,2,5
18-03-2019,18,Mar,2019,130,62,72,6,2,5
19-03-2019,19,Mar,2019,117,77,46,6,3,5
20-03-2019,20,Mar,2019,135,47,34,4,1,5
21-03-2019,21,Mar,2019,92,52,36,6,1,4
22-03-2019,22,Mar,2019,114,60,53,8,3,6
23-03-2019,23,Mar,2019,122,57,56,9,2,7
24-03-2019,24,Mar,2019,116,54,43,5,2,4
25-03-2019,25,Mar,2019,129,67,35,8,1,6
26-03-2019,26,Mar,2019,135,64,56,6,3,4
27-03-2019,27,Mar,2019,132,72,73,8,5,5
28-03-2019,28,Mar,2019,147,72,78,7,6,5
29-03-2019,29,Mar,2019,156,82,48,6,3,4
30-03-2019,30,Mar,2019,157,64,33,9,1,4
31-03-2019,31,Mar,2019,140,66,44,5,1,4
01-04-2019,01,Apr,2019,123,66,48,7,1,4
02-04-2019,02,Apr,2019,93,66,55,6,2,4
03-04-2019,03,Apr,2019,110,68,50,6,2,5
04-04-2019,04,Apr,2019,109,68,43,5,1,4
05-04-2019,05,Apr,2019,122,51,35,4,1,3
06-04-2019,06,Apr,2019,88,51,33,4,1,3
07-04-2019,07,Apr,2019,78,60,39,5,1,3
08-04-2019,08,Apr,2019,92,65,36,5.674743931,1,4
09-04-2019,09,Apr,2019,97,52,40,9.655353343,1,4
10-04-2019,10,Apr,2019,107,47,41,8.777625683,1,4
11-04-2019,11,Apr,2019,196,58,43,17,2,5
12-04-2019,12,Apr,2019,109,64,50,15,3,5
13-04-2019,13,Apr,2019,108,70,46,14,3,5
14-04-2019,14,Apr,2019,113,54,52,13,3,6
15-04-2019,15,Apr,2019,110,66,52,12,2,6
16-04-2019,16,Apr,2019,116,66,51,7,2,3
17-04-2019,17,Apr,2019,83,43,49,6,2,3
18-04-2019,18,Apr,2019,61,60,56,16,3,4
19-04-2019,19,Apr,2019,98,56,50,15,2,4
20-04-2019,20,Apr,2019,95,48,43,11,2,4
21-04-2019,21,Apr,2019,86,49,38,11,2,4
22-04-2019,22,Apr,2019,103,52,47,11,3,3
23-04-2019,23,Apr,2019,99,54,44,11,4,3
24-04-2019,24,Apr,2019,96,59,52,11,3,3
25-04-2019,25,Apr,2019,103,55,47,9,4,3
26-04-2019,26,Apr,2019,105,66,38,7,4,3
27-04-2019,27,Apr,2019,96,70,14,9.814225364,4,3
28-04-2019,28,Apr,2019,108,72,14,7.687925795,4,4
29-04-2019,29,Apr,2019,132,66,14,8.68501115,2,4
30-04-2019,30,Apr,2019,99,89,14,10.05341278,2,3
01-05-2019,01,May,2019,108,77,15,9.376025085,1,3
02-05-2019,02,May,2019,104,68,12,10.94172085,1,3
03-05-2019,03,May,2019,95,68,12,11.02409226,1,4
04-05-2019,04,May,2019,97,64,13,11.19688849,1,3
05-05-2019,05,May,2019,99,54,13,10.58961162,1,3
06-05-2019,06,May,2019,85,58,13,10.72579581,2,4
07-05-2019,07,May,2019,86,53,13,10.72799787,1,3
08-05-2019,08,May,2019,83,43,13,29,1,3
09-05-2019,09,May,2019,69,37,13,20,1,3
10-05-2019,10,May,2019,61,41,13,18,1,3
11-05-2019,11,May,2019,70,50,13,15,1,3
12-05-2019,12,May,2019,72,53,13,14,1,3
13-05-2019,13,May,2019,66,53,13,11,1,3
14-05-2019,14,May,2019,78,55,13,9,1,3
15-05-2019,15,May,2019,78,53,13,8,1,3
16-05-2019,16,May,2019,90,63,13,7,1,3
17-05-2019,17,May,2019,104,60,13,6,1,3
18-05-2019,18,May,2019,107,58,12,9,2,4
19-05-2019,19,May,2019,104,45,13,10,2,3
20-05-2019,20,May,2019,73,57,12,8,2,3
21-05-2019,21,May,2019,99,49,13,6,1,3
22-05-2019,22,May,2019,90,51,12,9,2,3
23-05-2019,23,May,2019,87,60,13,13,1,3
24-05-2019,24,May,2019,97,52,13,15,2,5
25-05-2019,25,May,2019,96,54,12,15,1,3
26-05-2019,26,May,2019,92,64,12,15,1,4
27-05-2019,27,May,2019,101,63,13,14,1,3
28-05-2019,28,May,2019,101,57,12,14,1,4
29-05-2019,29,May,2019,82,53,13,13,1,3
30-05-2019,30,May,2019,84,43,12,11,1,3
31-05-2019,31,May,2019,81,48,12,11,1,3
01-06-2019,01,Jun,2019,81,46,12,10,1,3
02-06-2019,02,Jun,2019,82,48,12,8,1,3
03-06-2019,03,Jun,2019,82,48.96563876,12.58887592,11.26405965,1,2.997934464
06-06-2019,06,Jun,2019,89.84216021,78,11,12,2,4
07-06-2019,07,Jun,2019,107,56,11,10,2,4
08-06-2019,08,Jun,2019,90,59,12,11.88625342,1,5
09-06-2019,09,Jun,2019,584,44,12,8.1152602,1,4
10-06-2019,10,Jun,2019,92,36,12,8.638267141,1,5
11-06-2019,11,Jun,2019,88,28,13,4.842875585,2,5
12-06-2019,12,Jun,2019,70,50,12,10.73984504,1,4
13-06-2019,13,Jun,2019,67,56,13,10.71770872,1,4
14-06-2019,14,Jun,2019,68,42,13,11.01082148,1,4
15-06-2019,15,Jun,2019,62,50,13,10.72163424,1,3
16-06-2019,16,Jun,2019,63,53,13,10.73266927,1,3
17-06-2019,17,Jun,2019,66,58,14,9.796935675,1,3
18-06-2019,18,Jun,2019,67,56,14,9.745918642,1,4
19-06-2019,19,Jun,2019,65,74,13,7,1,3
20-06-2019,20,Jun,2019,82,56,13,6,1,2
21-06-2019,21,Jun,2019,72,53.52231834,12,6,1,3
22-06-2019,22,Jun,2019,84,53.11468377,12,5,1,3
23-06-2019,23,Jun,2019,73,61,13,6,1,4
24-06-2019,24,Jun,2019,74,45,13,6,6,4
25-06-2019,25,Jun,2019,81,45,13,8,1,4
26-06-2019,26,Jun,2019,94,23,13,6,1,4
27-06-2019,27,Jun,2019,66,17,13,10,2,7
28-06-2019,28,Jun,2019,46,16,13,6,2,4
29-06-2019,29,Jun,2019,55,43.29862649,22.0322557,8.604570847,1.407924387,3.989973625
07-07-2019,07,Jul,2019,68.72484995,14,12,5.075755566,1.648050075,7
08-07-2019,08,Jul,2019,108,28,13,8,1.623655638,5
09-07-2019,09,Jul,2019,77,25,12,7,1.38047553,5
10-07-2019,10,Jul,2019,58,33,12,6,1.417568736,4
11-07-2019,11,Jul,2019,58,38,12,6,1.43148034,5
12-07-2019,12,Jul,2019,61,40,12,6,1.446685792,5
13-07-2019,13,Jul,2019,65,35,12,5,1.429690337,4
14-07-2019,14,Jul,2019,76,63,13,4,1.102183934,4
15-07-2019,15,Jul,2019,65,76,13,4,1.096327096,4
16-07-2019,16,Jul,2019,71,70,13,3,1.097361242,3
17-07-2019,17,Jul,2019,68,73,13,2,1.176120982,4
18-07-2019,18,Jul,2019,73,54,13,2,1.528928452,3
19-07-2019,19,Jul,2019,80,16,12,8,1.639587408,5
20-07-2019,20,Jul,2019,74,29,12,9,1.428165331,5
21-07-2019,21,Jul,2019,77,28,13,8,1.535248945,6
22-07-2019,22,Jul,2019,84,36,12,6,1.781820615,6
23-07-2019,23,Jul,2019,95,25,13,8,1.548949335,5
24-07-2019,24,Jul,2019,45,25,12,5,1.094089988,5
25-07-2019,25,Jul,2019,68,35,12,3,1.101958766,4
26-07-2019,26,Jul,2019,67,28,13,2,1.118027857,3
27-07-2019,27,Jul,2019,60,93,13,1,1.081347468,3
28-07-2019,28,Jul,2019,70,39,12,2,1.524543203,3
29-07-2019,29,Jul,2019,67,19,12,3,1.178353609,3
30-07-2019,30,Jul,2019,53,26,12,2,1.176535872,3
31-07-2019,31,Jul,2019,59,23,13,1,1.148651148,4
01-08-2019,01,Aug,2019,58,20,12,2,1.149451339,4
02-08-2019,02,Aug,2019,60,18,13,3,1,5
03-08-2019,03,Aug,2019,45,42,14,12.13566378,1,1
04-08-2019,04,Aug,2019,32,25,13,5.7136256,1.113599013,3
05-08-2019,05,Aug,2019,58,25,13,1,1.100061777,3
06-08-2019,06,Aug,2019,65,31,13,1,1.129974074,3
07-08-2019,07,Aug,2019,70,43,14,1,1.508322083,3
08-08-2019,08,Aug,2019,82,28,13,3,1.100966814,4
09-08-2019,09,Aug,2019,66,33,13,1,1.110592313,4
10-08-2019,10,Aug,2019,57,48,12,8.270142334,1.470338577,4
11-08-2019,11,Aug,2019,68,53,12,8.492416576,1.098997919,4
12-08-2019,12,Aug,2019,68,55,14,8.540713364,1.102751318,4
13-08-2019,13,Aug,2019,63,39,13,1,1.499588034,3
14-08-2019,14,Aug,2019,84,29,12,1,1.141319692,3
15-08-2019,15,Aug,2019,66.45086645,24,14,3,1.198369383,4
16-08-2019,16,Aug,2019,77.15799247,35,13,3,1.749561864,4
17-08-2019,17,Aug,2019,77.63896201,36,15,3,1,3
18-08-2019,18,Aug,2019,67.8562342,32,15,3,1.705256034,3
19-08-2019,19,Aug,2019,125,30,13,4,2,5
20-08-2019,20,Aug,2019,71,39,15,5,1,5
21-08-2019,21,Aug,2019,67,43,13,3,1,4
22-08-2019,22,Aug,2019,76,38,13,1,2,3
23-08-2019,23,Aug,2019,89,25,13,6,4,6
24-08-2019,24,Aug,2019,61,23,13,2,1.178909239,3
25-08-2019,25,Aug,2019,75,44,14,2,1.554231574,3
26-08-2019,26,Aug,2019,78,44,15,3,1,4
27-08-2019,27,Aug,2019,78,50,13,4,1.546739665,4
28-08-2019,28,Aug,2019,74,34,17,6,1,5
29-08-2019,29,Aug,2019,76,24,14,5,1.271322306,4
30-08-2019,30,Aug,2019,59,22,16,5,1,4
31-08-2019,31,Aug,2019,45,19,14,5,1.131150051,4
01-09-2019,01,Sep,2019,56,27,13,4,1.085962801,4
02-09-2019,02,Sep,2019,57,36,13,4,1,5
03-09-2019,03,Sep,2019,45,28,14,4,1.093421368,4
04-09-2019,04,Sep,2019,33,20,13,5,1.179640469,6
05-09-2019,05,Sep,2019,50,16,13,4,1,5
06-09-2019,06,Sep,2019,37,24,15,4,1.099872132,5
07-09-2019,07,Sep,2019,43,16,14,3,1.119622024,4
08-09-2019,08,Sep,2019,38,19,15,4,1.111116134,5
09-09-2019,09,Sep,2019,55,13,13,4,1.298650059,5
10-09-2019,10,Sep,2019,36,24,13,3,1.104340413,4
11-09-2019,11,Sep,2019,61,28,15,4.63366941,1,4
12-09-2019,12,Sep,2019,61,29,13,2,1.112308819,3
13-09-2019,13,Sep,2019,63,20,14,2,1.153150652,4
14-09-2019,14,Sep,2019,58,29,14,1,1,4
15-09-2019,15,Sep,2019,54,38,14,7.55001299,1.099453459,3
16-09-2019,16,Sep,2019,64,36,15,9.012785847,1.11282347,3
17-09-2019,17,Sep,2019,59,46,14,3,1.577704865,4
18-09-2019,18,Sep,2019,69,31,14,5,1.465405568,7
19-09-2019,19,Sep,2019,71,34,13,3,1.082553736,5
20-09-2019,20,Sep,2019,52,45,16,2,1.539527527,4
21-09-2019,21,Sep,2019,62,42,14,2,1.527553442,4
22-09-2019,22,Sep,2019,71,43,14,1,1,3
23-09-2019,23,Sep,2019,67,39,13,3,1.429436117,6
24-09-2019,24,Sep,2019,73,40,13,3,1.546500973,5
25-09-2019,25,Sep,2019,81,24,13,3,1,5
26-09-2019,26,Sep,2019,50,23,13,4,1.106360341,4
27-09-2019,27,Sep,2019,49,25,12,3,1,5
28-09-2019,28,Sep,2019,60,31,13,2,1.093931964,4
29-09-2019,29,Sep,2019,54,34,13,6.319971753,1,4
30-09-2019,30,Sep,2019,42,25,12,1,1,5
01-10-2019,01,Oct,2019,58,19,12,3.721143482,1.207427243,3
02-10-2019,02,Oct,2019,48,24,13,5.003390459,1,3
03-10-2019,03,Oct,2019,56,45,13,6.088242869,1.103806971,7
04-10-2019,04,Oct,2019,82,40,13,6.462053529,1.263684539,6
05-10-2019,05,Oct,2019,79,27,13,4.78979477,1,6
06-10-2019,06,Oct,2019,69,49,12,6.222119645,1.115876843,7
07-10-2019,07,Oct,2019,94,44,13,10.16232922,1.428834004,7
08-10-2019,08,Oct,2019,96,52,12,10,1,7
09-10-2019,09,Oct,2019,90,50,13,5,1.281735777,7
10-10-2019,10,Oct,2019,95,56,14,5,1.741216436,7
11-10-2019,11,Oct,2019,128,51,14,33,1,6
12-10-2019,12,Oct,2019,117,61,13,10.38695232,1.219321032,4
13-10-2019,13,Oct,2019,139,49,13,8.994725199,1,5
14-10-2019,14,Oct,2019,89,57,13,8.806396804,1,7
15-10-2019,15,Oct,2019,101,60,13,8.10602698,1,7
16-10-2019,16,Oct,2019,101,67,33.05868904,8.828352797,3.426478646,9
17-10-2019,17,Oct,2019,134,68,30.10264992,6.237784346,2.324777624,7
18-10-2019,18,Oct,2019,148,65.41302155,35.09413106,10.39989993,1.605564721,6.661223265
19-10-2019,19,Oct,2019,60.87260916,13,13.16284688,4.228707778,1,5
20-10-2019,20,Oct,2019,36,41,2,5.273105772,1,5
21-10-2019,21,Oct,2019,92,30,7,5.539235872,1.531138943,5
22-10-2019,22,Oct,2019,61,19,9,3.570909315,1.172458327,5
23-10-2019,23,Oct,2019,51,31,10,3.469002348,1,5
24-10-2019,24,Oct,2019,76,32,12,5.244178226,1.280876502,5
25-10-2019,25,Oct,2019,83,31,10,13,1.829143711,10
26-10-2019,26,Oct,2019,35,32,11,9,1.09058205,6
27-10-2019,27,Oct,2019,66,45,12,7,1,4
28-10-2019,28,Oct,2019,83,33,13,6,1.326232288,5
29-10-2019,29,Oct,2019,54,44,12,8,1.446811455,5
30-10-2019,30,Oct,2019,86,39,11,6,1.363055778,7
31-10-2019,31,Oct,2019,79,27,11,4,1.332946876,5
01-11-2019,01,Nov,2019,70,22,13,3,1.267085417,5
02-11-2019,02,Nov,2019,47,23,16,1,1.146131192,4
03-11-2019,03,Nov,2019,65,36,13,2,1,4
04-11-2019,04,Nov,2019,76,31,25,3,1.096501891,4
05-11-2019,05,Nov,2019,76,40,29,11,1.370216633,6
06-11-2019,06,Nov,2019,80,48,28,7,1,6
07-11-2019,07,Nov,2019,96,42,12,14,1,5
08-11-2019,08,Nov,2019,70,41,13,6,1,5
09-11-2019,09,Nov,2019,80,49,16,5.977307301,1,7
10-11-2019,10,Nov,2019,106,59,15,1,1,9
11-11-2019,11,Nov,2019,137,74,17,2,1,13
12-11-2019,12,Nov,2019,145,69,17,2,1,9
13-11-2019,13,Nov,2019,142,68,16,2.522019696,1,9
14-11-2019,14,Nov,2019,143,71,16,2.533207098,1,9
15-11-2019,15,Nov,2019,138,66,22,6,1.828063443,9
16-11-2019,16,Nov,2019,163,59,21,1.874996442,1.580972142,6
17-11-2019,17,Nov,2019,126,70,22,3.228416649,2.327769255,8
18-11-2019,18,Nov,2019,155,74,54,4,1.55208724,13
19-11-2019,19,Nov,2019,154,76,17,6,1.185154558,11
20-11-2019,20,Nov,2019,154,72,21,7,1.272605615,10
21-11-2019,21,Nov,2019,150,74,18,6,1.219575299,9
22-11-2019,22,Nov,2019,157,80,20,6,1.179460799,12
23-11-2019,23,Nov,2019,145,78,21,5,1.208870763,11
24-11-2019,24,Nov,2019,150,76,19,6,1.274809111,10
25-11-2019,25,Nov,2019,154,71,19,6,1.210098526,9
26-11-2019,26,Nov,2019,150,66,20,4,1.707155119,9
27-11-2019,27,Nov,2019,136,75,20,4,1,11
28-11-2019,28,Nov,2019,140,73,22,2,1.216053225,11
29-11-2019,29,Nov,2019,150,69,21,2,1.445174532,9
30-11-2019,30,Nov,2019,142,64,21,1,2.546708522,8
01-12-2019,01,Dec,2019,142,63,21,2,2.554441848,8
02-12-2019,02,Dec,2019,122,54,39,2,1.77482228,7
03-12-2019,03,Dec,2019,105,60,40,2,1,8
04-12-2019,04,Dec,2019,134,71,20,4,2,8
05-12-2019,05,Dec,2019,147,63,22,3,4,6
06-12-2019,06,Dec,2019,125,63,27,3,4,8
07-12-2019,07,Dec,2019,127,70,27,3,1,6
08-12-2019,08,Dec,2019,149,76,34,3,2,15
09-12-2019,09,Dec,2019,137,77,35,2,1,12
10-12-2019,10,Dec,2019,140,77,21,2,1.484429057,9
11-12-2019,11,Dec,2019,133,87,21,1,1.770145829,8
12-12-2019,12,Dec,2019,127,73,26,1,1.843593627,6
13-12-2019,13,Dec,2019,123,59,36,1,2.133365671,8
14-12-2019,14,Dec,2019,120,65,36,1,2.155332843,9
15-12-2019,15,Dec,2019,156,64,33,1,1,7
16-12-2019,16,Dec,2019,150,64,26,1,1,6
17-12-2019,17,Dec,2019,149,76,26,2,1.287121916,11
18-12-2019,18,Dec,2019,159,78,22,2,1,13
19-12-2019,19,Dec,2019,161,86,75,1,1,12
20-12-2019,20,Dec,2019,163,79,18,4,1,14
21-12-2019,21,Dec,2019,156,81,27,2,1.180216196,12
22-12-2019,22,Dec,2019,163,80,27,3,1.25264013,13
23-12-2019,23,Dec,2019,161,80,24,2,1,10
24-12-2019,24,Dec,2019,155,70,18,1,1.9868879,7
25-12-2019,25,Dec,2019,159,68,19,1,1.896661526,7
26-12-2019,26,Dec,2019,142,62,22,1,1,6
27-12-2019,27,Dec,2019,139,46,24,1,2,4
28-12-2019,28,Dec,2019,85,40.32775623,26.93253636,5.863982895,1.522608249,3.94723276
31-12-2019,31,Dec,2019,135.2453528,96,24,1,1,9
01-01-2020,01,Jan,2020,147,80,26,1,1,8
02-01-2020,02,Jan,2020,149,57,22,1,1,6
03-01-2020,03,Jan,2020,135,68,22,2,1,10
04-01-2020,04,Jan,2020,151,63,26,2,3,7
05-01-2020,05,Jan,2020,133,70,26,3,2,11
06-01-2020,06,Jan,2020,124,81,21,3,1,11
07-01-2020,07,Jan,2020,144,80,17,1,1.722822281,6
08-01-2020,08,Jan,2020,126,61,22,2,2,6
09-01-2020,09,Jan,2020,121,61,27,2,3,6
10-01-2020,10,Jan,2020,113,69,28,3,2,11
11-01-2020,11,Jan,2020,132,79,23,3,2,11
12-01-2020,12,Jan,2020,154,69,20,1,1.787767258,6
13-01-2020,13,Jan,2020,132,50,18,1,1.677371924,4
14-01-2020,14,Jan,2020,88,49,26,1,1.266351978,4
15-01-2020,15,Jan,2020,94,48,29,1,1,3
16-01-2020,16,Jan,2020,86,44,29,2,2,8
17-01-2020,17,Jan,2020,114,69,25,4,2,13
18-01-2020,18,Jan,2020,155,68,24,3,1.302853158,12
19-01-2020,19,Jan,2020,158,69,22,3,1,10
20-01-2020,20,Jan,2020,150,66,17,2,1,8
21-01-2020,21,Jan,2020,137,64,17,2,1,6
22-01-2020,22,Jan,2020,149,67,14,3,1,11
23-01-2020,23,Jan,2020,158,64,32,3,2,10
24-01-2020,24,Jan,2020,146,63,16,2,1,10
25-01-2020,25,Jan,2020,137,71,16,2,2,8
26-01-2020,26,Jan,2020,138,100,21,1,1,6
27-01-2020,27,Jan,2020,131,72,21,1,1,3
28-01-2020,28,Jan,2020,73,55,17,1,1,4
29-01-2020,29,Jan,2020,71,62,20,2,2,7
30-01-2020,30,Jan,2020,114,65,21,1,2,7
31-01-2020,31,Jan,2020,121,62,22,1,1,6
01-02-2020,01,Feb,2020,125,65,23,2,4,8
02-02-2020,02,Feb,2020,117,84,19,1,1,8
03-02-2020,03,Feb,2020,142,72,19,1,1,6
04-02-2020,04,Feb,2020,135,74,21,1,4,7
05-02-2020,05,Feb,2020,128,69,21,1,1,5
06-02-2020,06,Feb,2020,131,70,36,1,1,5
07-02-2020,07,Feb,2020,139,65,40,3,1,6
08-02-2020,08,Feb,2020,158,66,45,4,2,5
09-02-2020,09,Feb,2020,145,62,31,5,1,6
10-02-2020,10,Feb,2020,134,59,30,14,1,8
11-02-2020,11,Feb,2020,128,55,44,23,2,7
12-02-2020,12,Feb,2020,133,76,45,22,4,6
13-02-2020,13,Feb,2020,158,70,56,19,1.522667115,4
14-02-2020,14,Feb,2020,143,62,82,20,2,5
15-02-2020,15,Feb,2020,143,71,57,23,3,7
16-02-2020,16,Feb,2020,156,82,59,29,2,9
17-02-2020,17,Feb,2020,165,68,63,22,3,6
18-02-2020,18,Feb,2020,155,51,61,17,1,5
19-02-2020,19,Feb,2020,134,66,63,17,1,5
20-02-2020,20,Feb,2020,152,55,55,18,1,5
21-02-2020,21,Feb,2020,139,56,64,20,3,5
22-02-2020,22,Feb,2020,141,58,62,17,1,5
23-02-2020,23,Feb,2020,147,66,50,16,1,4
24-02-2020,24,Feb,2020,133,57,42,19,2.174785939,5
25-02-2020,25,Feb,2020,103,62,41,21,5,7
26-02-2020,26,Feb,2020,111,65,53,27,8,9
27-02-2020,27,Feb,2020,120,72,57,19,4,7
28-02-2020,28,Feb,2020,143,76,53,19,1,5
29-02-2020,29,Feb,2020,141,51,8,16,1,3
01-03-2020,01,Mar,2020,104,88,30,19,2.470871891,5
02-03-2020,02,Mar,2020,127,81,23,14,1.162967737,4
03-03-2020,03,Mar,2020,117,83,28,12,1,3
04-03-2020,04,Mar,2020,116,81,17,12,1.163129064,3
05-03-2020,05,Mar,2020,112,86,10,13,1.242981553,3
06-03-2020,06,Mar,2020,98,54,16,11,1.40888359,3
07-03-2020,07,Mar,2020,70,63,8,13,2,3
08-03-2020,08,Mar,2020,98,74,2,14,1,4
09-03-2020,09,Mar,2020,127,55,42.11680537,12,1.606890706,4
10-03-2020,10,Mar,2020,95,69,36,10,2.044578867,2
11-03-2020,11,Mar,2020,73,64,38,10,1.126815756,3
12-03-2020,12,Mar,2020,74,44,59,8,1.869763981,2
13-03-2020,13,Mar,2020,72,65,68,19,1,6
14-03-2020,14,Mar,2020,105,73,71,20,2,5
15-03-2020,15,Mar,2020,112,65,74,20,3,6
16-03-2020,16,Mar,2020,113,54,68,15,3,5
17-03-2020,17,Mar,2020,103,52,40,14,1,4
18-03-2020,18,Mar,2020,92,40,34,11,1.078397839,3
19-03-2020,19,Mar,2020,78,59,22,10,1.200402467,2
20-03-2020,20,Mar,2020,93,48,25,10,1.090862598,3
21-03-2020,21,Mar,2020,79,39,33,10,1,2
22-03-2020,22,Mar,2020,86,47,37,10,1,3
23-03-2020,23,Mar,2020,92,56,38,12,2,3
24-03-2020,24,Mar,2020,102,44,31,13,1,3
25-03-2020,25,Mar,2020,101,28,36,11,1.076682073,3
26-03-2020,26,Mar,2020,83,44,32,11,1,3
27-03-2020,27,Mar,2020,119,37,34,10,1.079687903,3
28-03-2020,28,Mar,2020,103,42,40,9,1,3
29-03-2020,29,Mar,2020,85,41,40,8,1,3
30-03-2020,30,Mar,2020,98,39,78,9,1,3
31-03-2020,31,Mar,2020,103,30,33,8,1,2
01-04-2020,01,Apr,2020,78,46,31,8,1,3
02-04-2020,02,Apr,2020,96,57,36,9,1.100433085,3
03-04-2020,03,Apr,2020,121,39,39,9,1,3
04-04-2020,04,Apr,2020,117,43,42,9,1.081319277,3
05-04-2020,05,Apr,2020,122,48,43,9,1.369369536,3
06-04-2020,06,Apr,2020,109,49,35,9,1.088777352,3
07-04-2020,07,Apr,2020,77,54,28,8,1,2
08-04-2020,08,Apr,2020,81,56,33,8,1.081052295,2
09-04-2020,09,Apr,2020,85,54,40,9,1.083656138,3
10-04-2020,10,Apr,2020,83,49,43,9,1,3
11-04-2020,11,Apr,2020,90,50,43,9,1.077545948,3
12-04-2020,12,Apr,2020,85,49,39,8,1,3
13-04-2020,13,Apr,2020,86,47,41,8,1,3
14-04-2020,14,Apr,2020,89,47,38,9,1,3
15-04-2020,15,Apr,2020,81,47,40,10,1.074021533,3
16-04-2020,16,Apr,2020,82,45,40,10,1,3
17-04-2020,17,Apr,2020,84,46,36,8,1,3
18-04-2020,18,Apr,2020,77,50,33,8,1,3
19-04-2020,19,Apr,2020,87,42,34,9,1,3
20-04-2020,20,Apr,2020,77,40,26,8,1,3
21-04-2020,21,Apr,2020,73,43,30,8,1,2
22-04-2020,22,Apr,2020,65,46,30,8,1,3
23-04-2020,23,Apr,2020,81,36,24,8,1,2
24-04-2020,24,Apr,2020,65,36,25,7,1,2
25-04-2020,25,Apr,2020,64,39,28,7,1,2
26-04-2020,26,Apr,2020,64,39,31,9,1,2
27-04-2020,27,Apr,2020,68,48,36,8,1,2
28-04-2020,28,Apr,2020,70,53,41,9,1,3
29-04-2020,29,Apr,2020,88,48,32,10,1.082562305,3
30-04-2020,30,Apr,2020,79,47,36,9,1,3
01-05-2020,01,May,2020,79,40,37,8,1,2
02-05-2020,02,May,2020,73,33,33,8,1,2
03-05-2020,03,May,2020,64,32,24,7,1,2
04-05-2020,04,May,2020,63,48,26,7,1,2
05-05-2020,05,May,2020,68,61,28,7,1,3
06-05-2020,06,May,2020,81,47,33,6,1,2
07-05-2020,07,May,2020,70,42,31,6,1,2
08-05-2020,08,May,2020,62,41,31,7,1,2
09-05-2020,09,May,2020,63,43,35,7,1,2
10-05-2020,10,May,2020,65,39,40,8,1,2
11-05-2020,11,May,2020,65,40,28,7,1,2
12-05-2020,12,May,2020,64,51,34,8,1,3
13-05-2020,13,May,2020,72,44,39,10,1,3
14-05-2020,14,May,2020,67,43,34,9,1,3
15-05-2020,15,May,2020,72,52,35,9,1.075588541,3
16-05-2020,16,May,2020,82,74,36,7,1.698177399,3
17-05-2020,17,May,2020,100,57,45,6,4,5
18-05-2020,18,May,2020,84,36,20,7,1,2
19-05-2020,19,May,2020,66,31,25,6,2.047885878,2
20-05-2020,20,May,2020,55,36,26,7,1.383439259,2
21-05-2020,21,May,2020,52,35,28,6,2.094821208,2
22-05-2020,22,May,2020,55,37,33,6,1,2
23-05-2020,23,May,2020,59,32,23,5.981677472,1.591060222,2
24-05-2020,24,May,2020,59,48,34,6,1,2
25-05-2020,25,May,2020,64,38,27,5,1,2
26-05-2020,26,May,2020,61,36,16,3,1.108272342,2
27-05-2020,27,May,2020,65,34,18,3,1.108139707,2
28-05-2020,28,May,2020,60,27,18,3,1.665551254,2
29-05-2020,29,May,2020,43,26,17,3,1.718068182,2
30-05-2020,30,May,2020,46,31,23.24120003,3,2.498513943,2
31-05-2020,31,May,2020,65,27,31,4,2.420241197,2
01-06-2020,01,Jun,2020,50,33.40830977,25.43596397,6.841246766,2.676337076,3.987604734
03-06-2020,03,Jun,2020,70.94908778,18,14,9,1.236527254,3
04-06-2020,04,Jun,2020,40,22,10,9,1,7
05-06-2020,05,Jun,2020,67,17,17,4,2.01860909,2
06-06-2020,06,Jun,2020,50,20,15,4,1.680731157,2
07-06-2020,07,Jun,2020,51,18,20,4,2.454379098,2
08-06-2020,08,Jun,2020,44,19,16,6,2.06589566,3
09-06-2020,09,Jun,2020,59,16,23,6,2.702246721,3
10-06-2020,10,Jun,2020,48,16,35,6,5,4
11-06-2020,11,Jun,2020,48,13,19,7,2.543879076,3
12-06-2020,12,Jun,2020,51,19,21,8,2.57202743,3
13-06-2020,13,Jun,2020,59,15,19,7,2.482850423,3
14-06-2020,14,Jun,2020,44,18,12,7,1.268537026,4
15-06-2020,15,Jun,2020,46,23,28,5,2.916248917,3
16-06-2020,16,Jun,2020,59,18,17,6,2.358025171,3
17-06-2020,17,Jun,2020,51,20,11,5,1.30942053,2
18-06-2020,18,Jun,2020,37,32,11,4,1.199328713,2
19-06-2020,19,Jun,2020,52,36,10,4,1.194443039,2
20-06-2020,20,Jun,2020,64,29,10,4,1.21288233,2
21-06-2020,21,Jun,2020,62,38,12,3,1.104938454,3
22-06-2020,22,Jun,2020,65,36,12,4,1.192555515,2
23-06-2020,23,Jun,2020,63,27,12,4,1.212554577,2
24-06-2020,24,Jun,2020,40,24,15,4,1.578218347,3
25-06-2020,25,Jun,2020,58,23,14,4,1.206163691,3
26-06-2020,26,Jun,2020,54,24,7,5,1.2274783,3
27-06-2020,27,Jun,2020,65,25,9,4,1.221275822,2
28-06-2020,28,Jun,2020,58,21,8,5,1.22715692,4
29-06-2020,29,Jun,2020,52,15,16,5,2.028004159,3
30-06-2020,30,Jun,2020,46,15,9,4,1.230262896,3
01-07-2020,01,Jul,2020,58,19,9,3,2.239701705,3
02-07-2020,02,Jul,2020,53,22,9,4,2.230607518,3
03-07-2020,03,Jul,2020,45,12,9,4,2.343450819,3
04-07-2020,04,Jul,2020,22,17,10,3,2.314081803,3
05-07-2020,05,Jul,2020,40,22,10,3,2.248401576,3
06-07-2020,06,Jul,2020,42,18,18,3,2.707755783,4
07-07-2020,07,Jul,2020,55,23,11,4,2.123548778,4
08-07-2020,08,Jul,2020,41,28,6,4,1.65647762,4
09-07-2020,09,Jul,2020,50,30,6,3,1.770367709,3
10-07-2020,10,Jul,2020,51,31,6,3,1.749416926,3
11-07-2020,11,Jul,2020,57,19,6,3,2.214437574,3
12-07-2020,12,Jul,2020,67,21,8,3,1.652132183,4
13-07-2020,13,Jul,2020,55,18,6,3,2.223952763,3
14-07-2020,14,Jul,2020,32,7,6,5,2.2533273,4
15-07-2020,15,Jul,2020,36,14,8,4,2.301768867,3
16-07-2020,16,Jul,2020,37,18,9,3,2.258245,3
17-07-2020,17,Jul,2020,39,22,8,3,2.209185485,3
18-07-2020,18,Jul,2020,40,25,7,3,2.169016925,3
19-07-2020,19,Jul,2020,50,27,6,3,1.710226898,3
20-07-2020,20,Jul,2020,50,32,7,3,1.704471792,3
21-07-2020,21,Jul,2020,46,21,31,3,6,4
22-07-2020,22,Jul,2020,42,27,7,3,1.609065321,4
23-07-2020,23,Jul,2020,34,20,6,7,2.105339309,4
24-07-2020,24,Jul,2020,47,24,12,7,2.078414391,4
25-07-2020,25,Jul,2020,66,18,11,7,2.540718899,2
26-07-2020,26,Jul,2020,68,12,9,6,2.297799441,3
27-07-2020,27,Jul,2020,33,15,7,5,2.340709371,3
28-07-2020,28,Jul,2020,29,18,7,6,2.316605658,3
29-07-2020,29,Jul,2020,54,16,13,6,2.84402726,3
30-07-2020,30,Jul,2020,54,16,13,7,2.725933117,4
31-07-2020,31,Jul,2020,47,16,12,8,2.702263639,4
01-08-2020,01,Aug,2020,49,16,13,7,2.845041075,3
02-08-2020,02,Aug,2020,59,15,8,9,1.815576161,4
03-08-2020,03,Aug,2020,39,11,10,7,2.632832824,3
04-08-2020,04,Aug,2020,29,7,20,7,2.810906227,4
05-08-2020,05,Aug,2020,34,10,21,8,2.832689441,4
06-08-2020,06,Aug,2020,50,15,17,6,2.970945505,3
07-08-2020,07,Aug,2020,50,16,8,6,2.206447883,3
08-08-2020,08,Aug,2020,70,19,8,5,1.739921692,3
09-08-2020,09,Aug,2020,59,18,8,6,2.166806621,3
10-08-2020,10,Aug,2020,93,17,7,7,1.936508937,4
11-08-2020,11,Aug,2020,56,15,8,6,2.076412775,4
12-08-2020,12,Aug,2020,63,19,8,8,1.698075576,4
13-08-2020,13,Aug,2020,42,14,8,8,2.153260225,4
14-08-2020,14,Aug,2020,38,16,7,7,2.150851312,4
15-08-2020,15,Aug,2020,48,23,7,6,1.748244404,3
16-08-2020,16,Aug,2020,62,19,4,8,1.721402345,4
17-08-2020,17,Aug,2020,54,21,4,8,1.80963644,3
18-08-2020,18,Aug,2020,36,14,4,7,1.921914148,3
19-08-2020,19,Aug,2020,46,17,4,7,1.910306329,3
20-08-2020,20,Aug,2020,39,17,3,7,1.791943034,4
21-08-2020,21,Aug,2020,44,14,2,7,1.816840671,4
22-08-2020,22,Aug,2020,61,17,5,6,1.803302666,3
23-08-2020,23,Aug,2020,54,17,36,6,5,4
24-08-2020,24,Aug,2020,41,23,4,7,1.76979629,3
25-08-2020,25,Aug,2020,77,30,4,6,1.680469427,3
26-08-2020,26,Aug,2020,82,22,3,6,1.947646461,3
27-08-2020,27,Aug,2020,70,20,3,8,1.782099702,3
28-08-2020,28,Aug,2020,55,29.59587703,28.44490242,6.799529407,2.82030603,4.016853243
29-08-2020,29,Aug,2020,68.53313902,10,5,11,1.32159421,2
30-08-2020,30,Aug,2020,14,20,3,10,1.849651312,3
31-08-2020,31,Aug,2020,50,22,5,7,1.757913782,3
01-09-2020,01,Sep,2020,44,29,7,7,1.652067152,3
02-09-2020,02,Sep,2020,52,37,15,8,1.128611984,3
03-09-2020,03,Sep,2020,83,32,18,8,1.121899878,4
04-09-2020,04,Sep,2020,57,30,13,11,1.389803099,5
05-09-2020,05,Sep,2020,62,34,12,11,1.370044474,5
06-09-2020,06,Sep,2020,70,34,10,12,1.37382003,6
07-09-2020,07,Sep,2020,78,29,9,9,1.421778144,4
08-09-2020,08,Sep,2020,64,29,18,11,1.397630946,5
09-09-2020,09,Sep,2020,59,30,12,9,1.185227475,4
10-09-2020,10,Sep,2020,61,29,15,9,1.553201684,4
11-09-2020,11,Sep,2020,57,20,11,8,2,4
12-09-2020,12,Sep,2020,36,16,11,6,2.223888412,3
13-09-2020,13,Sep,2020,45,23,8,6,1.749868604,2
14-09-2020,14,Sep,2020,68,18,7,6,1.858894664,2
15-09-2020,15,Sep,2020,49,20,8,5,2.150804025,2
16-09-2020,16,Sep,2020,54,18,7,5,1.859757789,2
17-09-2020,17,Sep,2020,54,19,5,5,1.875943056,2
18-09-2020,18,Sep,2020,50,22,11,6,2.051223703,3
19-09-2020,19,Sep,2020,58,18,14,7,2.694856362,3
20-09-2020,20,Sep,2020,74,29,32,7,4,8
21-09-2020,21,Sep,2020,88,22,14,9,1.466940524,4
22-09-2020,22,Sep,2020,63,14,16,6,2.783935572,3
23-09-2020,23,Sep,2020,55,21,15,6,2.691642923,3
24-09-2020,24,Sep,2020,45,20,10,6,2.144598927,3
25-09-2020,25,Sep,2020,49,27,11,5,2.107080039,2
26-09-2020,26,Sep,2020,58,27,13,5,2.062244574,2
27-09-2020,27,Sep,2020,51,27,15,7,2.308155626,2
28-09-2020,28,Sep,2020,44,32,18,5,1.698541826,2
29-09-2020,29,Sep,2020,58,36,22,5,1.59698858,2
30-09-2020,30,Sep,2020,66,39,21,5,1.081205761,2
01-10-2020,01,Oct,2020,77,37,20,9,1.480794278,3
02-10-2020,02,Oct,2020,74,38,24,7,1.419322967,3
03-10-2020,03,Oct,2020,81,40,24,6,1.336543354,2
04-10-2020,04,Oct,2020,79,33,21,5,1.920387653,2
05-10-2020,05,Oct,2020,68,43,24,7,1.353678148,3
06-10-2020,06,Oct,2020,86,46,30,6,1.326525532,3
07-10-2020,07,Oct,2020,90,51,36,10,1.318650593,4
08-10-2020,08,Oct,2020,100,52,39,10,1.428193293,5
09-10-2020,09,Oct,2020,111,52,41,9,1.339322894,4
10-10-2020,10,Oct,2020,108,57,34,8,1.406617535,4
11-10-2020,11,Oct,2020,119,61,45,10,2.65837984,5
12-10-2020,12,Oct,2020,129,52,49,11,2.600592652,5
13-10-2020,13,Oct,2020,110,48,25,8,1.103569567,4
14-10-2020,14,Oct,2020,107,23,14,7,2.777086667,3
15-10-2020,15,Oct,2020,61,24,21,10,3.335255615,4
16-10-2020,16,Oct,2020,54,29,23,7,3.30801901,3
17-10-2020,17,Oct,2020,66,34,17,7,2.319108971,2
18-10-2020,18,Oct,2020,66,28,25,8,3.041573779,4
19-10-2020,19,Oct,2020,71,37,32,7,1.471068773,3
20-10-2020,20,Oct,2020,86,34,19,11,2.331215173,5
21-10-2020,21,Oct,2020,84,43,28,8,1.392536146,4
22-10-2020,22,Oct,2020,109,37,29,12,3.152922085,7
23-10-2020,23,Oct,2020,97,42,31,14,1.482243051,6
24-10-2020,24,Oct,2020,115,46,34,19,2.653923074,6
25-10-2020,25,Oct,2020,102,42,33,12,1,4
26-10-2020,26,Oct,2020,90,45,36,12,1,4
27-10-2020,27,Oct,2020,94,39,57,13,6,8
28-10-2020,28,Oct,2020,90,40,29,11,1.384579082,4
29-10-2020,29,Oct,2020,88,38,31,10,1.385294572,3
30-10-2020,30,Oct,2020,82,48,35,12,1.082080968,4
31-10-2020,31,Oct,2020,102,39,2,9,1.290795977,3
01-11-2020,01,Nov,2020,99,85,45,22,1,12
02-11-2020,02,Nov,2020,155,95,42,25,1,15
03-11-2020,03,Nov,2020,168,64,42,13,1.851347248,6
04-11-2020,04,Nov,2020,145,65,42,16,1.952583447,8
05-11-2020,05,Nov,2020,131,61,41,12,2.616537049,5
06-11-2020,06,Nov,2020,139,74,40,21,1,8
07-11-2020,07,Nov,2020,143,70,43,18,1,8
08-11-2020,08,Nov,2020,145,71,46,19,1,9
09-11-2020,09,Nov,2020,148,81,40,20,2,9
10-11-2020,10,Nov,2020,146,74,44,19,1,6
11-11-2020,11,Nov,2020,150,80,41,20,2,6
12-11-2020,12,Nov,2020,156,66,24,18,2.058591859,6
13-11-2020,13,Nov,2020,135,80,22,16,2.021805026,6
14-11-2020,14,Nov,2020,176,61,24,14,1.826797359,3
15-11-2020,15,Nov,2020,126,63,31,15,2.350012576,4
16-11-2020,16,Nov,2020,140,62,25,16,2.013078447,6
17-11-2020,17,Nov,2020,140,44,23,11,1.635283062,2
18-11-2020,18,Nov,2020,103,53,28,10,1.191430971,2
19-11-2020,19,Nov,2020,134,38,21,11,1.171181893,2
20-11-2020,20,Nov,2020,93,47,30,14,1.090958966,4
21-11-2020,21,Nov,2020,110,55,31,13,1.61526474,2
22-11-2020,22,Nov,2020,133,54,31,12,1.862338363,2
23-11-2020,23,Nov,2020,125,58,50,17,6,8
24-11-2020,24,Nov,2020,135,70,40,16,1,4
25-11-2020,25,Nov,2020,155,65,47,17,1,2
26-11-2020,26,Nov,2020,148,65,47,15,2.369550151,1
27-11-2020,27,Nov,2020,144,53,42,13,1.979194755,2
28-11-2020,28,Nov,2020,128,50,33,15,2.044197064,3
29-11-2020,29,Nov,2020,104,55,34,18,2.491972696,5
30-11-2020,30,Nov,2020,130,62,39,20,1.926229934,7
01-12-2020,01,Dec,2020,139,63,43,20,1.521963732,5
02-12-2020,02,Dec,2020,133,67,43,19,2.304279295,4
03-12-2020,03,Dec,2020,142,71,38,22,1,5
04-12-2020,04,Dec,2020,150,65,36,22,1,5
05-12-2020,05,Dec,2020,147,67,39,21,2,6
06-12-2020,06,Dec,2020,143,72,38,27,1,7
07-12-2020,07,Dec,2020,150,69,39,25,1,5
08-12-2020,08,Dec,2020,148,57,37,20,1.40160956,4
09-12-2020,09,Dec,2020,135,70,41,26,1,7
10-12-2020,10,Dec,2020,153,71,19,19,1.280688011,2
11-12-2020,11,Dec,2020,156,55,27,14,1.784823019,1
12-12-2020,12,Dec,2020,123,43,23,12,1.801868898,2.822656602
13-12-2020,13,Dec,2020,109,53,14,17,1.6871444,5
14-12-2020,14,Dec,2020,126,47,27,13,1.799569017,1
15-12-2020,15,Dec,2020,119,52,32,14,1.986653345,1
16-12-2020,16,Dec,2020,124,69,31,18,1.879852663,4
17-12-2020,17,Dec,2020,149,75,37,17,2.348098909,4
18-12-2020,18,Dec,2020,150,70,34,19,2.444671944,3
19-12-2020,19,Dec,2020,153,61,39,18,1,2
20-12-2020,20,Dec,2020,140,61,38,22,3,6
21-12-2020,21,Dec,2020,132,74,39,29,2,7
22-12-2020,22,Dec,2020,141,74,84,27,7,7
23-12-2020,23,Dec,2020,150,73,43,22,2,6
24-12-2020,24,Dec,2020,150,81,40,26,1,4
25-12-2020,25,Dec,2020,154,77,39,25,1,5
26-12-2020,26,Dec,2020,155,56,32,14,1.992421922,1
27-12-2020,27,Dec,2020,136,56,34,17,2,3
28-12-2020,28,Dec,2020,120,72,36,20,1,2
29-12-2020,29,Dec,2020,136,77,38,21,1,2
30-12-2020,30,Dec,2020,153,74,36,18,2.248409831,3
31-12-2020,31,Dec,2020,163,76,29,16,2.254839972,1
01-01-2021,01,Jan,2021,177,75,38,15,1.694644479,1
02-01-2021,02,Jan,2021,167,72.95771755,40.75264729,21.2399348,1.189691362,5.085677113
03-01-2021,03,Jan,2021,108.4261941,80,27,16,1.099083253,1
04-01-2021,04,Jan,2021,174,60,28,14,1.763448948,2
05-01-2021,05,Jan,2021,152,74,33,16,2.489733503,1
06-01-2021,06,Jan,2021,158,55,17,18,1.633187606,1
07-01-2021,07,Jan,2021,137,29,9,15,1.424911305,2
08-01-2021,08,Jan,2021,79,44,24,14,1.29271975,2
09-01-2021,09,Jan,2021,120,58,22,18,2.310905445,4
10-01-2021,10,Jan,2021,146,70,26,20,1.770601435,8
11-01-2021,11,Jan,2021,134,68,31,22,1.699458803,7
12-01-2021,12,Jan,2021,139,52,23,14,1.719051746,2
13-01-2021,13,Jan,2021,114,51,30,14,1.428176366,2
14-01-2021,14,Jan,2021,106,55,33,14,1.645319068,1
15-01-2021,15,Jan,2021,120,58,34,15,2.230901744,2
16-01-2021,16,Jan,2021,137,63,36,14,2.320327382,1
17-01-2021,17,Jan,2021,151,53,37,13,1.72153014,2
18-01-2021,18,Jan,2021,124,43,25,11,1.268026976,1
19-01-2021,19,Jan,2021,94,42,26,10,1,1
20-01-2021,20,Jan,2021,105,58,59,12,5,1
21-01-2021,21,Jan,2021,119,78,42,24,2,6
22-01-2021,22,Jan,2021,156,65,47,13,2.217318335,1
23-01-2021,23,Jan,2021,149,67,39,13,2.818799171,1.468104959
24-01-2021,24,Jan,2021,137,72,40,19,1,1
25-01-2021,25,Jan,2021,138,73,40,17,1,1
26-01-2021,26,Jan,2021,146,77,40,23,1,2
27-01-2021,27,Jan,2021,149,73,36,18,1,1
28-01-2021,28,Jan,2021,145,85,41,34,4,6
29-01-2021,29,Jan,2021,158,73,36,25,4,2
30-01-2021,30,Jan,2021,143,73,35,27,3,5
31-01-2021,31,Jan,2021,149,81,32,30,4,9
01-02-2021,01,Feb,2021,153,84,32,33,2,10
02-02-2021,02,Feb,2021,133,68,30,29,1,5
03-02-2021,03,Feb,2021,131,63,30,20,1,2
04-02-2021,04,Feb,2021,125,65,37,16,1,1
05-02-2021,05,Feb,2021,144,61,33,22,1,1
06-02-2021,06,Feb,2021,111,65,36,27,2,5
07-02-2021,07,Feb,2021,122,72,35,34,4,8
08-02-2021,08,Feb,2021,134,78,36,33,3,7
09-02-2021,09,Feb,2021,136,68,40,30,2,5
10-02-2021,10,Feb,2021,127,78,39,31,3,9
11-02-2021,11,Feb,2021,139,70,43,26,2,4
12-02-2021,12,Feb,2021,138,76,43,18,3,1
13-02-2021,13,Feb,2021,143,69,49,16,2,1
14-02-2021,14,Feb,2021,144,74,45,17,2,1
15-02-2021,15,Feb,2021,146,67,40,13,1,2.074137666
16-02-2021,16,Feb,2021,121,65,35,23,2,2
17-02-2021,17,Feb,2021,144,62,34,21,1,1
18-02-2021,18,Feb,2021,141,36,29,17,1.743677422,1
19-02-2021,19,Feb,2021,87,47,30,20,2.520522577,1.943091424
20-02-2021,20,Feb,2021,112,63,35,25,3,5
21-02-2021,21,Feb,2021,134,72,35,30,1,7
22-02-2021,22,Feb,2021,153,64,39,26,3,5
23-02-2021,23,Feb,2021,146,60,44,20,1,2
24-02-2021,24,Feb,2021,147,65,44,14,1,1
25-02-2021,25,Feb,2021,157,51,24,14,1,1
26-02-2021,26,Feb,2021,102,53,28,11,1,1.534795413
27-02-2021,27,Feb,2021,116,55,29,16,2,1
28-02-2021,28,Feb,2021,128,52,47,15,1,1
01-03-2021,01,Mar,2021,107,58,36,15,2,1
02-03-2021,02,Mar,2021,116,60,33,25,4,2
03-03-2021,03,Mar,2021,120,61,35,22,5,2
04-03-2021,04,Mar,2021,135,66,33,26,3,3
05-03-2021,05,Mar,2021,141,61,36,16,6,1
06-03-2021,06,Mar,2021,149,53,35,11,1,1
07-03-2021,07,Mar,2021,122,43,26,14,1,2
08-03-2021,08,Mar,2021,104,57,34,16,3,1.916558648
09-03-2021,09,Mar,2021,105,60,38,15,2,1
10-03-2021,10,Mar,2021,118,68,41,14,3,1
11-03-2021,11,Mar,2021,149,94,35,9,1,2.359032654
12-03-2021,12,Mar,2021,126,64,35,19,3,2
13-03-2021,13,Mar,2021,143,60,43,13,2,1.28272228
14-03-2021,14,Mar,2021,148,66,46,15,4,1
15-03-2021,15,Mar,2021,162,64,41,13,1,1
16-03-2021,16,Mar,2021,138,79,45,14,4,1.412372603
17-03-2021,17,Mar,2021,151,77,41,16,2,2
18-03-2021,18,Mar,2021,150,72,39,13,2,1.616245576
19-03-2021,19,Mar,2021,144,71,40,17,3,2
20-03-2021,20,Mar,2021,138,66,41,18,3,1
21-03-2021,21,Mar,2021,142,74,44,24,7,2
22-03-2021,22,Mar,2021,151,65,40,26,3,3
23-03-2021,23,Mar,2021,142,62,40,21,1,3
24-03-2021,24,Mar,2021,133,60,29,16,1,2
25-03-2021,25,Mar,2021,120,75,39,26,3,4
26-03-2021,26,Mar,2021,134,75,41,17,4,2
27-03-2021,27,Mar,2021,137,70,43,16,7,3
28-03-2021,28,Mar,2021,137,74,39,11,2,2
29-03-2021,29,Mar,2021,145,57,27,9,1,3.439957622
30-03-2021,30,Mar,2021,120,59,23,9,1,2.569056973
31-03-2021,31,Mar,2021,109,79,23,8,1,8.352203167
01-04-2021,01,Apr,2021,63,80,30,9,2.41036715,2.21906681
02-04-2021,02,Apr,2021,101,76,41,8,2.623256878,1.794669956
03-04-2021,03,Apr,2021,111,60,36,7,2.843538266,2.131003182
04-04-2021,04,Apr,2021,90,53,50,9,10,1
05-04-2021,05,Apr,2021,94,56,66,8,1,2
06-04-2021,06,Apr,2021,109,54,36,10,1,1
07-04-2021,07,Apr,2021,119,64,32,7,1,2.317135066
08-04-2021,08,Apr,2021,130,64,26,9,1,4.106305389
09-04-2021,09,Apr,2021,136,63,10,16,1.85083758,3
10-04-2021,10,Apr,2021,121,63,33,11,2,1.421766303
11-04-2021,11,Apr,2021,134,60,42,9,2,1.115532366
12-04-2021,12,Apr,2021,134,61,41,11,3,1.851744744
13-04-2021,13,Apr,2021,136,58,36,14,2,1
14-04-2021,14,Apr,2021,149,50,43,11,3,1.356959548
15-04-2021,15,Apr,2021,130,49,32,7,1,2.461104502
16-04-2021,16,Apr,2021,106,50,33,5,1,2.1283223
17-04-2021,17,Apr,2021,106,58,30,7,1,1.976618598
18-04-2021,18,Apr,2021,134,60,30,6,1,3.87534317
19-04-2021,19,Apr,2021,121,51,20,6,2.12355539,5.122238948
20-04-2021,20,Apr,2021,121,51,19,6,2.109422983,5.127255715
21-04-2021,21,Apr,2021,98,59,28,11,1.560343255,1
22-04-2021,22,Apr,2021,110,51,29,6,2.01223232,3.74807187
23-04-2021,23,Apr,2021,102,50,28,7,1.782008108,3.263676673
24-04-2021,24,Apr,2021,96,66,32,8,2,1.092343866
25-04-2021,25,Apr,2021,127,54,45,9,2,1.093310984
26-04-2021,26,Apr,2021,115,78,44,8,2,1.246944023
27-04-2021,27,Apr,2021,151,73.78094012,36.74868862,25.2640633,2.400985316,4.236994787
28-04-2021,28,Apr,2021,101.4792004,52,37,12,1,5.02563057
29-04-2021,29,Apr,2021,109,51,38,11,2.625783812,1.998912489
30-04-2021,30,Apr,2021,122,52,41,15,2.137107162,3
01-05-2021,01,May,2021,131,61,39,14,1,1
02-05-2021,02,May,2021,146,44,46,13,2.668225932,2.352642373
03-05-2021,03,May,2021,108,48,31,10,2.088601685,2.644234398
04-05-2021,04,May,2021,119,43,34,8,6,10
05-05-2021,05,May,2021,106,52,62,7,3.633187152,2.935442452
06-05-2021,06,May,2021,127,47,28,7,2.153287176,4.314515889
07-05-2021,07,May,2021,96,44,31,6,2.714806753,3.151057469
08-05-2021,08,May,2021,104,60,29,19.76316849,2.416630734,2.208139807
09-05-2021,09,May,2021,119,39,26,5,2.740294126,4.644952837
10-05-2021,10,May,2021,79,33,17,5,3.802741273,4.257636498
11-05-2021,11,May,2021,74,31,19,4,3.770539571,3.802158876
12-05-2021,12,May,2021,71,33,26,4,3.318689596,4.064849119
13-05-2021,13,May,2021,73,37,31,5,1,2.101845224
14-05-2021,14,May,2021,81,54,36,7,1,1
15-05-2021,15,May,2021,102,55.22930474,42.0174384,13.75395727,3.238509903,2.660516294
16-05-2021,16,May,2021,106.5700787,25,24,43,1.511354217,2
17-05-2021,17,May,2021,62,31,6,7,2.915278644,1
18-05-2021,18,May,2021,105,38,19,5,2.985272278,4.627421947
19-05-2021,19,May,2021,107,89,28,4,1.50320992,8.567181839
20-05-2021,20,May,2021,142,57,25,4,1.889161312,6.253141733
21-05-2021,21,May,2021,107,51,22,4,2.413024451,4.777369854
22-05-2021,22,May,2021,88,53,28,15.11409178,2.236962309,2.511783317
23-05-2021,23,May,2021,109,51,23,4,2.415147461,4.797283918
24-05-2021,24,May,2021,98,46,9,4,2.454312079,5.237412304
25-05-2021,25,May,2021,98,55.95618068,42.3362862,13.46446714,2.841811794,1.836145388
28-05-2021,28,May,2021,71.32983764,28,16,4,1.57975103,8
29-05-2021,29,May,2021,66,33,28,4,3.25852411,3.669213648
30-05-2021,30,May,2021,76,38,20,6,2.820779983,4.14506333
31-05-2021,31,May,2021,78,27,37,7,5,4
01-06-2021,01,Jun,2021,89,22,26,11,2.184071456,1
02-06-2021,02,Jun,2021,70,24,36,7,3.52525183,4.535245497
03-06-2021,03,Jun,2021,81,17,25,3,4.253053019,4.117815766
04-06-2021,04,Jun,2021,74,20,14,3,3.933406095,4.172749786
05-06-2021,05,Jun,2021,65,15,13,3,3.962507138,4.336445319
06-06-2021,06,Jun,2021,60,24,7,3,3.355933892,4.356055027
07-06-2021,07,Jun,2021,73,24,10,3,3.307956767,1
08-06-2021,08,Jun,2021,55,16,9,3,3.691080447,4.209246977
09-06-2021,09,Jun,2021,41,9,28,3,4.145059044,5
10-06-2021,10,Jun,2021,38,13,7,3,3.618928081,2
11-06-2021,11,Jun,2021,66,8,8,3,3.690040579,4.305504257
12-06-2021,12,Jun,2021,79,21,13,3,3.615001404,4.193346975
13-06-2021,13,Jun,2021,72,31,10,3,2.834982658,2
14-06-2021,14,Jun,2021,76,33,10,3,2.640974048,3
15-06-2021,15,Jun,2021,88,37,10,3,2.503337278,3
16-06-2021,16,Jun,2021,87,24,12,13,2.647824541,3
17-06-2021,17,Jun,2021,89,35,9,25,2.318078495,2
18-06-2021,18,Jun,2021,123,43,13,23,2.103040829,2
19-06-2021,19,Jun,2021,101,62,11,21,2.144657682,2
20-06-2021,20,Jun,2021,116,75,9,20,2.057048382,2
21-06-2021,21,Jun,2021,158,64,9,19,1.673793657,2
22-06-2021,22,Jun,2021,137,50,10,19,1.349094041,2
23-06-2021,23,Jun,2021,120,39,9,17,1.433017749,2
24-06-2021,24,Jun,2021,86,20,8,18,2.231683423,3
25-06-2021,25,Jun,2021,58,35,10,14,1.873635254,2
26-06-2021,26,Jun,2021,69,29,12,13,2.159834419,2
27-06-2021,27,Jun,2021,68,20,59,14,8,3
28-06-2021,28,Jun,2021,63,18,15,12,3.363808534,2
29-06-2021,29,Jun,2021,62,17,7,10,3.342518075,2
30-06-2021,30,Jun,2021,48,23,6,12,3.149331848,2
01-07-2021,01,Jul,2021,79,30,9,11,2.85357886,2
02-07-2021,02,Jul,2021,72,29,11,11,2.897880256,2
03-07-2021,03,Jul,2021,61,27,13,10,3.563191276,2
04-07-2021,04,Jul,2021,67,41,13,12,2.121233281,1
05-07-2021,05,Jul,2021,94,43,15,10,1.682774053,1
06-07-2021,06,Jul,2021,81,40,14,10,2.048180395,1
07-07-2021,07,Jul,2021,81,31,6,11,3.111193051,3
08-07-2021,08,Jul,2021,64,32,8,9,3.457596598,3
09-07-2021,09,Jul,2021,57,25,7,11,3.728791222,3
10-07-2021,10,Jul,2021,57,18,12,10,4.063765015,3
11-07-2021,11,Jul,2021,53,18,13,13,3.919412638,4
12-07-2021,12,Jul,2021,56,19,8,10,4.129159639,2
13-07-2021,13,Jul,2021,45,24,9,10,4.032881629,2
14-07-2021,14,Jul,2021,39,20,9,10,4.100557974,2
15-07-2021,15,Jul,2021,52,20,8,10,4.117545382,2
16-07-2021,16,Jul,2021,59,17,8,8,4.237911774,1
17-07-2021,17,Jul,2021,54,17,7,8,4.292355194,1
18-07-2021,18,Jul,2021,33,18,6,8,4.251927334,2
19-07-2021,19,Jul,2021,42,32,5,8,3.491057398,2
20-07-2021,20,Jul,2021,84,21,5,8,3.595288433,2
21-07-2021,21,Jul,2021,53,29,5,7,3.562731778,1
22-07-2021,22,Jul,2021,69,42,6,8,2.741622644,2
23-07-2021,23,Jul,2021,77,31,5,7,3.107217799,2
24-07-2021,24,Jul,2021,66,30,5,7,3.505613115,2
25-07-2021,25,Jul,2021,70,27,51,8,2,11
26-07-2021,26,Jul,2021,70,30,6,8,3.399754539,2
27-07-2021,27,Jul,2021,83,36.10022231,5,8,2.84208021,2
28-07-2021,28,Jul,2021,77,26,7,7,3.487807023,2
29-07-2021,29,Jul,2021,77,32,6,7,3.108717244,3
30-07-2021,30,Jul,2021,72,31,6,7,3.380479419,2
31-07-2021,31,Jul,2021,86,25,6,6,3.348826261,1
01-08-2021,01,Aug,2021,87,24,5,7,3.407555306,1
02-08-2021,02,Aug,2021,86,22,4,8,3.584661883,3
03-08-2021,03,Aug,2021,98,23,3,7,3.113753942,2
04-08-2021,04,Aug,2021,142,32,5,7,2.092385684,2
05-08-2021,05,Aug,2021,128,37,6,7,2.124180166,2
06-08-2021,06,Aug,2021,74,39,7,7,2.784531128,2
07-08-2021,07,Aug,2021,80,38,8,7,2.741015622,2
08-08-2021,08,Aug,2021,83,36,8,7,2.774968812,2
09-08-2021,09,Aug,2021,77,40,7,8,2.808045245,3
10-08-2021,10,Aug,2021,77,27,6,8,3.543908101,4
11-08-2021,11,Aug,2021,67,27,5,8,3.531596983,3
12-08-2021,12,Aug,2021,70,34,6,7,2.941758802,2
13-08-2021,13,Aug,2021,64,29,7,7,3.488449515,2
14-08-2021,14,Aug,2021,60,21,4,8,4.039183236,2
15-08-2021,15,Aug,2021,61,26,6,7,3.872017034,2
16-08-2021,16,Aug,2021,63,28,5,8,3.535031343,2
17-08-2021,17,Aug,2021,65,22,3,8,3.677404597,3
18-08-2021,18,Aug,2021,57,22,5,6,4.113322861,2
19-08-2021,19,Aug,2021,59,18,6,8,3.986019943,3
20-08-2021,20,Aug,2021,43,21,7,11,3.807281093,5
21-08-2021,21,Aug,2021,57,22,7,7,3.939241881,3
22-08-2021,22,Aug,2021,53,34,8,7,3.340502179,3
23-08-2021,23,Aug,2021,69,27,8,8,3.435538977,2
24-08-2021,24,Aug,2021,57,27,6,7,3.84038621,2
25-08-2021,25,Aug,2021,58,24,5,7,3.972640521,2
26-08-2021,26,Aug,2021,49,30,12,6,3.357148055,2
27-08-2021,27,Aug,2021,60,41,9,6,2.279944171,2
28-08-2021,28,Aug,2021,69,43,10,6,2.139907016,2
29-08-2021,29,Aug,2021,78,42,10,7,2.157242701,2
30-08-2021,30,Aug,2021,83,21,6,9,3.519171375,3
31-08-2021,31,Aug,2021,63,22,6,9,3.854998713,2
01-09-2021,01,Sep,2021,78,24,9,8,3.689718992,3
02-09-2021,02,Sep,2021,54,16,5,6,6,2
03-09-2021,03,Sep,2021,40,28.44283029,35.56912758,7.581865013,4.782845062,3.73879795
06-09-2021,06,Sep,2021,79.16552525,30,7,8,1.690991833,3
07-09-2021,07,Sep,2021,84,20,8,9,3.529739212,4
08-09-2021,08,Sep,2021,51,21,6,7,3.953985483,3
09-09-2021,09,Sep,2021,47,18,4,6,4.229179788,2
10-09-2021,10,Sep,2021,40,14,7,7,4.205579375,3
11-09-2021,11,Sep,2021,32,18,7,8,3.945829409,4
12-09-2021,12,Sep,2021,59,16,10,8,4.033067771,4
13-09-2021,13,Sep,2021,49,35,14,7,3.501520815,3
14-09-2021,14,Sep,2021,61,52,7,9,2.34724502,4
15-09-2021,15,Sep,2021,82,48,9,7,2.110663313,3
16-09-2021,16,Sep,2021,82,42,6,8,2.543450335,3
17-09-2021,17,Sep,2021,78,36,6,8,2.864779765,3
18-09-2021,18,Sep,2021,70,23,2,6,3.683238626,2
19-09-2021,19,Sep,2021,51,19,3,6,4.027295115,3
20-09-2021,20,Sep,2021,55,18,4,7,4.010299849,3
21-09-2021,21,Sep,2021,49,195,2,7,1,3
22-09-2021,22,Sep,2021,44,29,5,6,3.248593833,2
23-09-2021,23,Sep,2021,61,35,5,7,3.233034249,2
24-09-2021,24,Sep,2021,73,32,8,5,3.243019929,2
25-09-2021,25,Sep,2021,58,26,7,5,3.510703234,1
26-09-2021,26,Sep,2021,56,23,10,5,4.111933777,2
27-09-2021,27,Sep,2021,50,17,6,8,4.149607242,3
28-09-2021,28,Sep,2021,52,15,4,8,3.975244791,3
29-09-2021,29,Sep,2021,43,29,4,9,3.264161921,4
30-09-2021,30,Sep,2021,51,28,10,6,3.706307105,3
01-10-2021,01,Oct,2021,55,34,7,10,3.949422364,7
02-10-2021,02,Oct,2021,79,38,15,9,3.523560795,5
03-10-2021,03,Oct,2021,75,42,21,7,2.545226955,3
04-10-2021,04,Oct,2021,96,31,15,8,6,7
05-10-2021,05,Oct,2021,86,41,17,10,2.923355662,5
06-10-2021,06,Oct,2021,87,40,19,11,2.889580899,5
07-10-2021,07,Oct,2021,104,39,18,11,2.737973767,5
08-10-2021,08,Oct,2021,101,27,11,9,3.205488331,4
09-10-2021,09,Oct,2021,74,24,13,7,3.929963003,3
10-10-2021,10,Oct,2021,69,42,23,10,2.687234038,5
11-10-2021,11,Oct,2021,109,63,22,9,2.143585894,5
12-10-2021,12,Oct,2021,109,52,26,13,2.578455083,8
13-10-2021,13,Oct,2021,105,63,52,12,3.007607118,8
14-10-2021,14,Oct,2021,130,67,40,11,2.212295341,7
15-10-2021,15,Oct,2021,129,57,41,8,2.346809412,3
16-10-2021,16,Oct,2021,102,56,30,10,2.307690629,5
17-10-2021,17,Oct,2021,120,58,33,8,1.797460247,4
18-10-2021,18,Oct,2021,103,52,30,9,1.940469895,4
19-10-2021,19,Oct,2021,89,51,35,10,3.503051708,5
20-10-2021,20,Oct,2021,90,56,32,11,2.246192851,5
21-10-2021,21,Oct,2021,107,50,25,9,2.215172802,5
22-10-2021,22,Oct,2021,95,50,24,10,2.591066444,5
23-10-2021,23,Oct,2021,92,44,21,8,2.367294931,4
24-10-2021,24,Oct,2021,87,41,27,9,2.631323693,5
25-10-2021,25,Oct,2021,88,53,30,11,3.209781073,6
26-10-2021,26,Oct,2021,102,62,43,15,3,8
27-10-2021,27,Oct,2021,121,60,35,12,2.010178192,5
28-10-2021,28,Oct,2021,130,68,40,16,2.323666129,6
29-10-2021,29,Oct,2021,125,69,43,16,2.020808215,7
30-10-2021,30,Oct,2021,140,78,32,20,1.591175785,9
31-10-2021,31,Oct,2021,150,79,32,21,2.08928773,11
01-11-2021,01,Nov,2021,156,71,22,17,1.983516145,7
02-11-2021,02,Nov,2021,142,72,37,20,1.608401808,9
03-11-2021,03,Nov,2021,146,82,34,18,1.5835186,7
04-11-2021,04,Nov,2021,163,82,28,13,1.968305406,6
05-11-2021,05,Nov,2021,158,55,28,12,2.054380401,5
06-11-2021,06,Nov,2021,127,67,31,14,2.208948664,5
07-11-2021,07,Nov,2021,159,67,40,18,1.48906991,7
08-11-2021,08,Nov,2021,157,69,40,17,1,8
09-11-2021,09,Nov,2021,153,69,5,16,1.891580163,8
10-11-2021,10,Nov,2021,156,74,36.13115813,19,2.379166394,7
11-11-2021,11,Nov,2021,157,71,51,18,1.80666957,8
12-11-2021,12,Nov,2021,153,78,31,19,1.921773121,11
13-11-2021,13,Nov,2021,162,73,12,16,1.837141143,9
14-11-2021,14,Nov,2021,159,71,29.91402251,18,2.003003438,9
15-11-2021,15,Nov,2021,155,69,30,15,1.9202863,7
16-11-2021,16,Nov,2021,156,58,34,13,1.876192489,7
17-11-2021,17,Nov,2021,135,33,8,10,2.386401295,5
18-11-2021,18,Nov,2021,79,45,13,15,3.281400683,8
19-11-2021,19,Nov,2021,100,55,16,12,2.55981015,6
20-11-2021,20,Nov,2021,127,41,11,11,2.210997434,4
21-11-2021,21,Nov,2021,93,26,15,9,3.261870576,4
22-11-2021,22,Nov,2021,62,32,23,7,3.707367118,4
23-11-2021,23,Nov,2021,82,53,27,10,2.746621554,5
24-11-2021,24,Nov,2021,123,55,3,10,2.384938045,6
25-11-2021,25,Nov,2021,112,62,22.90942302,10,2.515522839,8
26-11-2021,26,Nov,2021,143,68,20.44392832,14,1,9
27-11-2021,27,Nov,2021,148,67,18,13,2,5
28-11-2021,28,Nov,2021,146,73,112,16,5,7
29-11-2021,29,Nov,2021,149,75,18,14,2,7
30-11-2021,30,Nov,2021,158,59,18,10,1.963053828,6
01-12-2021,01,Dec,2021,152,60,18,11,2.027557247,6
02-12-2021,02,Dec,2021,120,62,18,11,2.122738646,8
03-12-2021,03,Dec,2021,142,66,18,12,1.716140348,9
04-12-2021,04,Dec,2021,155,45,18,9,1.846452672,6
05-12-2021,05,Dec,2021,102,68,18,13,2.207385722,8
06-12-2021,06,Dec,2021,147,94,18,16,1.962890785,11
07-12-2021,07,Dec,2021,179,114,18,19,1.709548144,16
08-12-2021,08,Dec,2021,179,77,18,16,1.903213315,15
09-12-2021,09,Dec,2021,162,73,18,18,2.02775791,13
10-12-2021,10,Dec,2021,160,75,18,18,2.035399603,12
11-12-2021,11,Dec,2021,160,75,18,17,1,14
12-12-2021,12,Dec,2021,162,68,18,13,2,7
13-12-2021,13,Dec,2021,159,56,18,10,1.971186213,5
14-12-2021,14,Dec,2021,144,64,18,13,1.875639351,8
15-12-2021,15,Dec,2021,150,59,18,11,1.928522778,7
16-12-2021,16,Dec,2021,143,69,18,14,1.831235735,9
17-12-2021,17,Dec,2021,159,71,18,14,1,9
18-12-2021,18,Dec,2021,158,69,18,14,3,7
19-12-2021,19,Dec,2021,160,77,18,17,2,12
20-12-2021,20,Dec,2021,162,78,18,17,1,14
21-12-2021,21,Dec,2021,164,68,18,15,2,9
22-12-2021,22,Dec,2021,154,64,18,13,1.952828919,7
23-12-2021,23,Dec,2021,155,63,18,11,1,7
24-12-2021,24,Dec,2021,147,52,18,9,1,6
25-12-2021,25,Dec,2021,133,52,18,13,3,6
26-12-2021,26,Dec,2021,128,64,18,16,3,10
27-12-2021,27,Dec,2021,150,55,18,10,1,6
28-12-2021,28,Dec,2021,132,53,18,10,2,5
29-12-2021,29,Dec,2021,137,64,18,13,4,6
30-12-2021,30,Dec,2021,157,63,18,14,2,7
31-12-2021,31,Dec,2021,153,61,18,15,1,10
01-01-2022,01,Jan,2022,152,64,18,12,1,9
02-01-2022,02,Jan,2022,161,71,18,18,2,14
03-01-2022,03,Jan,2022,152,66,18,16,5,13
04-01-2022,04,Jan,2022,140,75,18,17,2,11
05-01-2022,05,Jan,2022,131,67,18,12,2.216367833,6
06-01-2022,06,Jan,2022,154,68,18,14,2.178428814,6
07-01-2022,07,Jan,2022,140,55,18,8,2.009000298,4
08-01-2022,08,Jan,2022,115,22,18,6,2.696907834,2
09-01-2022,09,Jan,2022,62,36.58354993,38.1152262,8.934536361,4.36774732,4.358334716
